Absolute Hour,Week,Hour (Day),Hour (Week),Nurses Red Pod,Nurses Purple,Nurses iTrack,Nurses Blue Pod,Nurses Green Pod,Nurses Orange Pod,Nurses Hallway,Nurses EDOU,Nurses Floating
1,1,1,1,1,2,1,3,3,3,2,1,13
2,1,2,2,1,3,1,3,2,2,3,2,12
3,1,3,3,2,2,1,3,2,3,3,1,14
4,1,4,4,2,2,1,1,1,2,4,2,11
5,1,5,5,1,2,1,2,3,1,2,1,10
6,1,6,6,1,3,1,2,2,3,3,2,12
7,1,7,7,1,3,1,2,4,3,3,1,14
8,1,8,8,2,3,2,3,2,2,2,2,13
9,1,9,9,1,2,1,4,3,3,2,1,14
10,1,10,10,2,3,1,3,3,3,3,2,15
11,1,11,11,2,3,2,3,3,3,2,2,15
12,1,12,12,0,2,2,2,3,4,3,1,14
13,1,13,13,2,3,2,4,3,2,3,1,16
14,1,14,14,1,2,1,4,4,4,3,0,17
15,1,15,15,1,2,2,3,4,4,3,1,17
16,1,16,16,2,3,2,3,4,2,3,1,16
17,1,17,17,2,3,1,4,4,4,2,1,17
18,1,18,18,2,3,1,3,5,3,3,2,17
19,1,19,19,2,3,1,4,3,3,4,1,17
20,1,20,20,1,3,2,3,3,2,4,1,15
21,1,21,21,2,2,1,2,3,4,4,2,16
22,1,22,22,2,3,1,3,2,4,3,1,15
23,1,23,23,0,3,1,3,4,2,3,1,13
24,1,24,24,1,3,2,3,2,3,2,2,13
25,1,1,25,0,3,1,2,2,3,3,1,11
26,1,2,26,2,2,1,2,4,2,3,1,14
27,1,3,27,1,2,1,1,3,2,2,1,10
28,1,4,28,1,2,2,1,3,2,2,2,11
29,1,5,29,2,3,1,3,2,3,2,1,13
30,1,6,30,2,2,1,3,3,2,3,1,14
31,1,7,31,1,2,1,3,3,2,2,1,12
32,1,8,32,1,2,2,3,3,2,3,1,14
33,1,9,33,0,2,1,4,3,3,2,2,13
34,1,10,34,0,3,2,3,2,4,3,1,14
35,1,11,35,2,3,2,3,3,2,4,1,16
36,1,12,36,2,2,2,3,2,4,3,2,16
37,1,13,37,2,3,2,4,3,2,4,2,17
38,1,14,38,1,3,2,3,3,4,3,2,16
39,1,15,39,2,2,2,3,2,4,4,2,17
40,1,16,40,1,2,2,4,2,5,2,1,16
41,1,17,41,2,2,1,3,4,4,3,1,17
42,1,18,42,2,2,2,3,3,4,4,1,18
43,1,19,43,2,2,2,3,3,3,5,1,18
44,1,20,44,2,3,1,2,3,4,4,2,16
45,1,21,45,2,3,2,2,3,3,4,1,16
46,1,22,46,2,2,1,3,2,3,3,1,14
47,1,23,47,2,3,1,2,3,4,3,2,15
48,1,24,48,1,3,1,3,3,2,3,1,13
49,1,1,49,1,3,2,3,3,3,2,1,14
50,1,2,50,1,2,2,3,2,2,3,1,13
51,1,3,51,1,2,1,3,2,2,2,2,11
52,1,4,52,1,2,1,3,2,2,3,1,12
53,1,5,53,1,2,1,2,2,3,2,1,11
54,1,6,54,2,2,1,3,2,1,2,1,11
55,1,7,55,0,3,1,4,2,2,3,1,12
56,1,8,56,2,2,1,2,3,3,2,2,13
57,1,9,57,1,2,2,4,2,3,3,1,15
58,1,10,58,2,2,1,3,3,4,3,2,16
59,1,11,59,2,2,2,3,2,3,3,2,15
60,1,12,60,2,3,1,4,2,4,3,1,16
61,1,13,61,2,2,2,2,4,4,4,1,18
62,1,14,62,2,3,2,3,3,4,3,1,17
63,1,15,63,1,1,2,3,4,3,4,2,17
64,1,16,64,1,3,2,4,3,4,4,2,18
65,1,17,65,2,2,2,4,3,4,3,1,18
66,1,18,66,2,2,2,3,3,2,4,1,16
67,1,19,67,1,2,1,4,3,3,4,2,16
68,1,20,68,2,3,2,4,2,3,3,1,16
69,1,21,69,2,2,1,4,2,4,4,1,17
70,1,22,70,2,2,1,3,3,3,3,2,15
71,1,23,71,2,2,2,2,3,2,3,2,14
72,1,24,72,1,3,2,2,2,2,3,1,12
73,1,1,73,1,3,1,3,2,2,2,2,11
74,1,2,74,0,2,1,3,3,3,2,2,12
75,1,3,75,1,3,1,3,2,2,2,1,11
76,1,4,76,1,3,2,2,2,3,2,2,12
77,1,5,77,1,2,1,2,3,2,2,2,11
78,1,6,78,1,2,1,3,2,1,3,1,11
79,1,7,79,1,1,1,2,3,3,3,1,13
80,1,8,80,1,3,1,2,3,2,2,1,11
81,1,9,81,1,2,2,2,2,2,3,1,12
82,1,10,82,2,3,1,2,2,3,3,1,13
83,1,11,83,2,2,2,3,3,4,3,1,17
84,1,12,84,1,3,2,3,3,3,4,2,16
85,1,13,85,1,3,2,3,3,3,3,1,15
86,1,14,86,1,2,1,4,3,4,3,1,16
87,1,15,87,2,2,2,2,4,3,5,1,18
88,1,16,88,2,2,2,3,4,4,3,1,18
89,1,17,89,2,3,1,2,5,3,4,1,17
90,1,18,90,1,3,2,3,3,2,3,2,14
91,1,19,91,2,3,2,2,2,4,4,2,16
92,1,20,92,1,3,1,3,3,4,3,1,15
93,1,21,93,2,2,1,2,3,2,3,2,13
94,1,22,94,2,2,1,4,4,2,3,1,16
95,1,23,95,2,3,1,3,2,2,4,1,14
96,1,24,96,1,2,2,3,3,2,3,1,14
97,1,1,97,2,3,1,2,3,3,2,1,13
98,1,2,98,2,3,1,3,3,1,2,1,12
99,1,3,99,1,3,1,2,3,3,3,1,13
100,1,4,100,2,3,1,2,2,2,2,2,11
101,1,5,101,2,4,1,2,3,2,3,2,13
102,1,6,102,1,3,1,2,2,3,2,1,11
103,1,7,103,2,2,1,2,4,3,2,2,14
104,1,8,104,2,3,1,3,2,3,2,2,13
105,1,9,105,2,3,1,3,3,4,2,1,15
106,1,10,106,2,3,1,3,3,2,3,1,14
107,1,11,107,1,3,2,4,1,4,3,1,15
108,1,12,108,1,2,2,3,3,3,3,1,15
109,1,13,109,1,2,2,4,3,3,2,1,15
110,1,14,110,2,3,2,4,3,3,2,1,16
111,1,15,111,2,3,2,3,4,4,3,1,18
112,1,16,112,2,3,2,5,3,4,2,1,18
113,1,17,113,2,3,1,5,3,3,3,2,17
114,1,18,114,2,2,2,3,3,3,3,2,16
115,1,19,115,2,3,2,3,4,3,4,1,18
116,1,20,116,2,3,2,3,2,2,4,2,15
117,1,21,117,2,2,2,3,2,3,3,2,15
118,1,22,118,2,2,1,3,3,4,2,1,15
119,1,23,119,2,2,2,2,3,3,2,2,14
120,1,24,120,1,3,1,3,2,3,3,2,13
121,1,1,121,2,2,1,2,4,2,2,2,13
122,1,2,122,1,3,1,2,2,3,3,2,12
123,1,3,123,2,3,1,2,2,2,2,1,11
124,1,4,124,1,2,1,2,3,2,2,1,11
125,1,5,125,2,3,1,1,3,3,3,1,13
126,1,6,126,2,3,1,3,2,1,3,1,12
127,1,7,127,1,2,2,2,3,2,2,2,12
128,1,8,128,1,3,2,4,2,2,2,2,13
129,1,9,129,1,3,2,2,1,3,4,1,13
130,1,10,130,1,2,2,3,3,3,4,1,16
131,1,11,131,2,3,2,4,2,3,3,1,16
132,1,12,132,2,2,2,3,3,4,2,2,16
133,1,13,133,1,2,2,3,3,3,4,2,16
134,1,14,134,1,3,2,5,3,3,2,2,16
135,1,15,135,2,3,2,4,4,4,2,1,18
136,1,16,136,2,3,2,4,4,4,3,1,19
137,1,17,137,2,3,1,4,4,4,3,1,18
138,1,18,138,2,2,2,3,4,3,3,1,17
139,1,19,139,1,3,2,4,3,2,2,1,14
140,1,20,140,2,3,2,4,3,3,4,2,18
141,1,21,141,1,2,1,3,3,4,3,2,15
142,1,22,142,1,3,2,3,4,3,2,2,15
143,1,23,143,2,3,2,2,1,4,2,2,13
144,1,24,144,2,3,1,4,2,3,2,2,14
145,1,1,145,2,2,1,2,2,4,2,2,13
146,1,2,146,1,3,1,3,2,2,3,1,12
147,1,3,147,1,3,2,2,2,1,4,1,12
148,1,4,148,2,3,1,2,3,1,3,1,12
149,1,5,149,2,3,1,3,3,2,1,2,12
150,1,6,150,1,3,1,2,3,3,2,1,12
151,1,7,151,1,3,1,3,2,1,2,2,10
152,1,8,152,2,2,1,3,3,2,2,2,13
153,1,9,153,2,3,1,3,3,3,3,2,15
154,1,10,154,2,2,1,3,3,3,3,2,15
155,1,11,155,2,3,2,3,2,2,3,2,14
156,1,12,156,2,3,2,3,2,4,3,1,16
157,1,13,157,2,2,1,4,4,3,3,2,17
158,1,14,158,1,3,2,4,3,2,4,1,16
159,1,15,159,1,2,2,2,4,4,3,1,16
160,1,16,160,1,2,2,3,3,4,4,1,17
161,1,17,161,2,3,2,3,4,3,4,2,18
162,1,18,162,1,2,2,3,5,3,4,1,18
163,1,19,163,2,3,2,3,2,3,3,2,15
164,1,20,164,2,3,2,3,4,2,4,2,17
165,1,21,165,2,3,1,4,2,3,3,2,15
166,1,22,166,1,3,1,3,2,3,3,2,13
167,1,23,167,1,2,2,3,3,2,2,1,13
168,1,24,168,1,2,2,2,2,3,2,2,12
169,2,1,1,2,2,1,3,2,2,3,1,13
170,2,2,2,2,2,1,2,3,2,3,1,13
171,2,3,3,2,2,1,2,3,2,2,2,12
172,2,4,4,1,2,1,2,3,2,3,1,12
173,2,5,5,2,4,1,3,4,2,2,2,14
174,2,6,6,2,3,1,2,2,3,3,1,13
175,2,7,7,2,3,2,2,2,1,3,2,12
176,2,8,8,1,3,1,3,3,2,3,2,13
177,2,9,9,2,3,1,3,2,2,4,2,14
178,2,10,10,0,3,2,3,4,3,2,1,14
179,2,11,11,2,2,2,3,2,3,3,1,15
180,2,12,12,2,2,1,3,3,3,4,1,16
181,2,13,13,2,3,2,4,3,3,2,1,16
182,2,14,14,1,3,2,3,3,3,3,1,15
183,2,15,15,2,3,2,4,3,4,4,2,19
184,2,16,16,2,3,2,2,4,3,4,1,17
185,2,17,17,2,3,2,4,4,3,4,1,19
186,2,18,18,2,2,2,4,3,3,3,1,17
187,2,19,19,2,2,2,3,4,4,3,1,18
188,2,20,20,2,2,2,3,4,2,3,1,16
189,2,21,21,2,2,2,3,3,3,3,2,16
190,2,22,22,2,3,1,2,3,3,3,3,14
191,2,23,23,1,3,1,3,3,2,2,1,12
192,2,24,24,2,2,1,3,2,4,2,2,14
193,2,1,25,2,3,1,2,3,3,3,2,14
194,2,2,26,2,3,1,2,2,2,2,1,11
195,2,3,27,1,3,1,3,2,2,2,2,11
196,2,4,28,1,3,1,3,3,2,1,1,11
197,2,5,29,2,2,1,3,2,1,2,2,11
198,2,6,30,1,3,1,3,2,2,3,1,12
199,2,7,31,2,3,1,2,3,2,2,1,12
200,2,8,32,2,3,1,3,3,2,3,1,14
201,2,9,33,2,2,2,3,1,3,2,2,13
202,2,10,34,1,3,2,4,2,3,4,2,16
203,2,11,35,2,3,1,4,3,4,2,1,16
204,2,12,36,2,3,1,4,3,4,3,1,17
205,2,13,37,2,3,2,4,4,3,3,1,18
206,2,14,38,2,2,1,4,4,3,2,1,16
207,2,15,39,2,2,2,3,3,4,3,2,17
208,2,16,40,1,2,2,4,3,3,4,1,17
209,2,17,41,2,2,3,2,4,3,2,1,16
210,2,18,42,2,2,3,3,3,3,3,1,17
211,2,19,43,2,3,2,3,2,3,4,2,16
212,2,20,44,2,2,1,2,4,3,4,1,16
213,2,21,45,2,3,2,3,3,3,3,1,16
214,2,22,46,2,3,2,3,2,3,3,1,15
215,2,23,47,1,2,2,3,3,2,3,1,14
216,2,24,48,2,2,1,3,3,2,2,1,13
217,2,1,49,1,3,1,3,3,2,2,2,12
218,2,2,50,2,3,1,2,3,2,3,1,13
219,2,3,51,1,2,1,2,2,2,3,2,11
220,2,4,52,1,3,1,1,3,2,3,2,11
221,2,5,53,2,3,1,2,2,3,1,1,11
222,2,6,54,2,2,1,2,3,3,2,1,13
223,2,7,55,1,3,1,1,4,2,3,2,12
224,2,8,56,1,3,1,3,3,2,2,2,12
225,2,9,57,2,3,1,3,2,3,3,1,14
226,2,10,58,0,2,1,2,3,4,3,1,13
227,2,11,59,2,3,2,2,3,3,3,0,15
228,2,12,60,1,2,2,3,4,4,3,2,17
229,2,13,61,2,2,2,4,2,3,4,2,17
230,2,14,62,2,3,2,3,3,3,4,1,17
231,2,15,63,2,3,1,3,4,3,5,1,18
232,2,16,64,1,2,2,3,4,4,3,1,17
233,2,17,65,1,3,2,3,3,3,4,1,16
234,2,18,66,2,2,2,3,2,4,4,2,17
235,2,19,67,2,2,2,3,4,3,4,1,18
236,2,20,68,1,3,1,3,4,3,4,1,16
237,2,21,69,2,3,1,2,2,4,3,2,14
238,2,22,70,1,3,1,4,3,2,4,2,15
239,2,23,71,2,2,1,3,2,3,4,2,15
240,2,24,72,2,2,1,3,3,2,3,2,14
241,2,1,73,1,3,1,3,2,2,3,1,12
242,2,2,74,2,3,2,1,2,3,2,2,12
243,2,3,75,2,3,1,2,1,3,3,1,12
244,2,4,76,2,3,1,2,2,2,3,1,12
245,2,5,77,0,2,1,4,2,2,2,2,11
246,2,6,78,1,3,1,3,2,2,2,1,11
247,2,7,79,2,3,1,3,2,2,2,2,12
248,2,8,80,1,3,1,2,3,3,4,1,14
249,2,9,81,1,3,1,2,3,3,3,2,13
250,2,10,82,2,3,1,2,4,2,3,1,14
251,2,11,83,2,3,1,2,3,3,4,1,15
252,2,12,84,2,2,2,3,2,5,2,2,16
253,2,13,85,2,2,2,3,3,4,3,1,17
254,2,14,86,2,2,2,3,3,3,4,2,17
255,2,15,87,1,3,2,4,3,2,4,1,16
256,2,16,88,2,2,2,4,3,3,3,1,17
257,2,17,89,2,2,2,3,5,2,4,2,18
258,2,18,90,2,3,1,4,2,4,3,1,16
259,2,19,91,2,2,2,5,3,3,3,0,18
260,2,20,92,0,2,2,3,2,4,3,2,14
261,2,21,93,2,3,1,4,4,3,3,1,17
262,2,22,94,1,3,2,2,3,2,4,2,14
263,2,23,95,1,2,1,2,3,3,2,1,12
264,2,24,96,1,2,1,3,3,3,3,1,14
265,2,1,97,2,2,2,3,2,1,3,2,13
266,2,2,98,1,2,1,2,3,3,2,1,12
267,2,3,99,2,3,1,2,3,2,2,1,12
268,2,4,100,2,2,1,2,2,1,3,1,11
269,2,5,101,1,2,1,2,3,2,2,1,11
270,2,6,102,1,3,1,3,3,2,1,1,11
271,2,7,103,1,3,2,2,2,2,3,2,12
272,2,8,104,1,2,1,2,4,2,3,1,13
273,2,9,105,0,2,1,3,3,4,2,1,13
274,2,10,106,1,2,2,3,3,2,2,1,13
275,2,11,107,2,2,2,3,4,3,2,0,16
276,2,12,108,2,2,2,3,3,3,3,1,16
277,2,13,109,2,3,1,4,4,3,2,1,16
278,2,14,110,2,2,2,3,2,3,4,2,16
279,2,15,111,2,2,2,2,3,3,4,2,16
280,2,16,112,2,2,2,4,4,2,4,1,18
281,2,17,113,1,2,1,4,3,4,4,1,17
282,2,18,114,2,3,2,3,2,3,4,2,16
283,2,19,115,1,2,1,4,2,4,2,2,14
284,2,20,116,1,2,2,3,4,4,3,2,17
285,2,21,117,1,3,2,3,3,3,3,1,15
286,2,22,118,2,2,1,4,1,4,3,2,15
287,2,23,119,1,2,1,2,3,4,3,2,14
288,2,24,120,0,2,2,2,2,3,2,1,11
289,2,1,121,2,3,2,3,2,2,2,1,13
290,2,2,122,2,2,1,3,2,2,2,1,12
291,2,3,123,2,3,1,3,2,2,3,1,13
292,2,4,124,0,3,1,2,3,2,2,1,10
293,2,5,125,2,2,1,2,3,3,1,2,12
294,2,6,126,2,2,1,3,2,3,2,2,13
295,2,7,127,2,3,1,2,3,2,3,1,13
296,2,8,128,2,3,2,2,3,2,2,2,13
297,2,9,129,2,2,1,3,3,3,3,2,15
298,2,10,130,2,3,2,3,2,2,4,2,15
299,2,11,131,1,3,1,3,3,3,4,2,15
300,2,12,132,2,2,1,4,4,3,3,1,17
301,2,13,133,1,3,2,3,4,4,3,1,17
302,2,14,134,2,2,2,3,3,4,3,2,17
303,2,15,135,2,3,2,3,4,3,4,1,18
304,2,16,136,1,2,2,3,2,5,4,2,17
305,2,17,137,2,3,2,6,2,3,3,1,18
306,2,18,138,1,3,1,3,4,5,3,2,17
307,2,19,139,2,2,1,5,3,4,3,1,18
308,2,20,140,2,2,2,2,3,3,4,2,16
309,2,21,141,1,3,2,3,3,5,3,2,17
310,2,22,142,2,3,2,2,3,2,3,2,14
311,2,23,143,2,3,1,3,4,2,2,2,14
312,2,24,144,1,4,1,2,3,3,2,2,12
313,2,1,145,2,2,1,3,2,2,2,1,12
314,2,2,146,1,3,1,2,2,3,2,1,11
315,2,3,147,2,3,1,2,2,2,4,1,13
316,2,4,148,2,3,1,3,2,2,3,2,13
317,2,5,149,1,2,1,2,2,3,2,1,11
318,2,6,150,0,3,1,3,3,2,2,2,11
319,2,7,151,0,3,2,2,3,2,3,2,12
320,2,8,152,1,2,1,3,2,3,3,2,13
321,2,9,153,2,4,1,2,3,4,3,1,15
322,2,10,154,2,2,1,3,3,3,3,1,15
323,2,11,155,1,2,1,3,4,2,4,1,15
324,2,12,156,2,2,2,3,3,3,4,2,17
325,2,13,157,2,2,2,3,3,4,4,2,18
326,2,14,158,1,3,2,4,3,3,3,2,16
327,2,15,159,2,3,2,4,3,3,2,1,16
328,2,16,160,1,2,1,3,4,3,5,2,17
329,2,17,161,2,2,1,4,4,5,3,2,19
330,2,18,162,2,2,2,3,4,3,3,1,17
331,2,19,163,1,2,1,3,4,4,3,1,16
332,2,20,164,2,3,2,3,3,2,3,1,15
333,2,21,165,2,2,2,2,4,3,2,1,15
334,2,22,166,1,3,2,3,2,3,3,1,14
335,2,23,167,1,3,1,3,3,3,4,1,15
336,2,24,168,1,3,1,3,2,3,3,1,13
337,3,1,1,1,3,1,3,3,2,3,2,13
338,3,2,2,1,2,2,3,2,2,2,2,12
339,3,3,3,2,3,1,2,2,3,3,1,13
340,3,4,4,1,3,1,3,2,4,1,2,12
341,3,5,5,2,3,1,2,1,3,3,2,12
342,3,6,6,2,2,2,3,2,2,2,1,13
343,3,7,7,1,2,1,2,4,2,2,2,12
344,3,8,8,1,3,1,3,3,3,3,1,14
345,3,9,9,2,2,2,2,2,3,3,2,14
346,3,10,10,1,2,2,3,2,3,3,1,14
347,3,11,11,1,2,2,3,4,2,4,2,16
348,3,12,12,1,2,2,3,3,4,2,2,15
349,3,13,13,1,3,1,3,5,3,4,2,17
350,3,14,14,1,3,1,4,3,4,4,1,17
351,3,15,15,1,3,2,3,3,3,4,1,16
352,3,16,16,1,2,2,4,4,3,4,2,18
353,3,17,17,2,3,2,4,4,2,3,1,17
354,3,18,18,2,3,1,4,5,2,3,2,17
355,3,19,19,2,2,2,3,4,3,3,2,17
356,3,20,20,1,2,2,3,3,4,2,1,15
357,3,21,21,2,3,1,4,4,3,2,1,16
358,3,22,22,1,2,2,3,2,3,3,1,14
359,3,23,23,2,2,1,3,2,3,2,1,13
360,3,24,24,1,3,2,3,3,3,2,1,14
361,3,1,25,2,3,1,3,2,2,2,2,12
362,3,2,26,2,3,1,2,3,2,2,1,12
363,3,3,27,1,3,1,3,2,3,2,2,12
364,3,4,28,2,3,1,2,2,3,2,1,12
365,3,5,29,0,3,1,2,2,3,3,2,11
366,3,6,30,1,3,1,3,2,2,2,2,11
367,3,7,31,1,3,1,3,2,3,3,1,13
368,3,8,32,2,3,1,4,2,3,2,1,14
369,3,9,33,1,2,1,3,3,2,3,2,13
370,3,10,34,2,3,1,3,4,2,3,1,15
371,3,11,35,2,3,1,3,3,4,4,1,17
372,3,12,36,2,3,2,3,4,3,3,2,17
373,3,13,37,1,4,2,4,3,3,3,1,16
374,3,14,38,1,3,2,4,5,3,4,1,19
375,3,15,39,0,2,2,3,4,4,2,1,15
376,3,16,40,2,2,1,4,3,4,3,1,17
377,3,17,41,2,3,1,3,5,3,4,1,18
378,3,18,42,1,3,2,4,4,2,4,1,17
379,3,19,43,2,3,2,4,3,3,3,1,17
380,3,20,44,1,3,2,3,4,2,4,1,16
381,3,21,45,1,3,1,3,4,3,4,2,16
382,3,22,46,2,3,2,2,2,3,3,1,14
383,3,23,47,2,3,2,2,3,3,3,1,15
384,3,24,48,2,2,1,3,2,2,2,1,12
385,3,1,49,1,2,1,2,3,3,2,1,12
386,3,2,50,2,2,1,3,2,3,1,1,12
387,3,3,51,0,3,1,3,4,3,2,2,13
388,3,4,52,1,2,1,3,2,2,3,2,12
389,3,5,53,1,3,1,2,3,2,3,2,12
390,3,6,54,1,3,1,3,2,2,2,1,11
391,3,7,55,1,2,1,3,3,2,3,1,13
392,3,8,56,2,3,1,3,3,2,2,2,13
393,3,9,57,1,2,1,4,2,4,2,1,14
394,3,10,58,1,2,1,4,3,2,2,1,13
395,3,11,59,2,3,1,3,4,3,3,2,16
396,3,12,60,0,3,2,3,4,4,3,1,16
397,3,13,61,2,2,2,3,3,3,4,1,17
398,3,14,62,1,2,1,5,4,3,4,2,18
399,3,15,63,2,2,2,2,4,4,4,2,18
400,3,16,64,2,2,1,3,4,4,2,2,16
401,3,17,65,1,2,2,4,4,4,3,2,18
402,3,18,66,1,3,2,3,3,3,5,2,17
403,3,19,67,2,2,2,3,2,3,3,1,15
404,3,20,68,2,2,1,3,4,3,3,1,16
405,3,21,69,2,3,2,4,3,3,3,1,17
406,3,22,70,2,2,2,2,3,4,2,1,15
407,3,23,71,2,3,2,1,3,3,3,2,14
408,3,24,72,2,3,1,2,2,4,3,2,14
409,3,1,73,1,3,1,3,4,1,2,2,12
410,3,2,74,2,3,1,4,2,3,3,2,15
411,3,3,75,2,3,1,3,2,2,2,1,12
412,3,4,76,2,3,1,2,1,3,2,2,11
413,3,5,77,2,2,1,2,3,2,2,1,12
414,3,6,78,2,2,2,2,2,2,2,1,12
415,3,7,79,2,3,1,3,1,2,2,1,11
416,3,8,80,2,3,2,3,2,3,2,2,14
417,3,9,81,2,3,2,2,2,3,3,1,14
418,3,10,82,2,3,1,3,2,4,2,1,14
419,3,11,83,2,3,2,3,4,2,2,1,15
420,3,12,84,2,2,2,4,4,3,2,2,17
421,3,13,85,1,2,2,2,2,4,5,1,16
422,3,14,86,2,3,2,4,3,4,3,2,18
423,3,15,87,1,3,2,4,3,3,3,1,16
424,3,16,88,2,2,1,4,5,4,2,1,18
425,3,17,89,1,2,2,4,3,4,3,1,17
426,3,18,90,2,2,1,4,4,4,3,2,18
427,3,19,91,1,2,2,3,2,4,2,1,14
428,3,20,92,2,2,1,4,3,3,3,1,16
429,3,21,93,2,2,2,4,2,4,3,2,17
430,3,22,94,1,3,2,2,3,4,1,2,13
431,3,23,95,2,2,1,3,2,3,4,1,15
432,3,24,96,2,3,1,4,3,3,1,1,14
433,3,1,97,2,2,1,3,2,3,1,1,12
434,3,2,98,2,3,2,3,2,2,2,1,13
435,3,3,99,2,3,1,2,2,2,3,1,12
436,3,4,100,1,3,1,2,2,1,3,1,10
437,3,5,101,1,2,1,3,3,2,3,1,13
438,3,6,102,2,2,1,3,2,2,2,1,12
439,3,7,103,2,3,1,2,2,4,3,1,14
440,3,8,104,2,2,2,2,3,2,3,1,14
441,3,9,105,0,3,1,3,3,3,3,1,13
442,3,10,106,2,3,2,3,2,4,2,2,15
443,3,11,107,2,2,2,3,3,3,3,1,16
444,3,12,108,2,3,2,4,3,3,3,1,17
445,3,13,109,2,2,1,5,4,2,3,1,17
446,3,14,110,2,3,2,4,4,2,4,2,18
447,3,15,111,1,3,2,3,4,3,4,1,17
448,3,16,112,2,3,1,5,3,3,3,1,17
449,3,17,113,2,3,2,5,3,3,3,1,18
450,3,18,114,1,2,1,4,3,4,4,1,17
451,3,19,115,1,3,2,4,2,3,3,2,15
452,3,20,116,1,2,2,2,3,5,3,0,16
453,3,21,117,2,3,2,4,3,3,2,1,16
454,3,22,118,2,3,1,3,3,3,3,1,15
455,3,23,119,2,3,2,2,2,3,2,1,13
456,3,24,120,2,2,2,3,2,2,2,1,13
457,3,1,121,1,2,1,2,2,2,2,1,10
458,3,2,122,1,2,1,2,3,3,2,1,12
459,3,3,123,2,2,1,2,2,2,2,1,11
460,3,4,124,2,2,1,3,3,4,2,1,15
461,3,5,125,2,3,1,3,2,2,2,2,12
462,3,6,126,2,2,1,3,2,3,2,1,13
463,3,7,127,2,3,1,3,2,2,2,2,12
464,3,8,128,2,3,2,3,2,2,3,2,14
465,3,9,129,0,4,1,2,4,3,2,2,12
466,3,10,130,1,3,2,3,3,3,2,2,14
467,3,11,131,2,2,2,3,4,2,4,2,17
468,3,12,132,1,3,1,5,3,3,3,1,16
469,3,13,133,2,3,2,3,3,5,3,2,18
470,3,14,134,2,2,2,3,3,5,3,1,18
471,3,15,135,2,3,2,5,3,2,3,2,17
472,3,16,136,1,3,2,3,4,3,5,2,18
473,3,17,137,2,2,2,3,3,4,3,2,17
474,3,18,138,2,3,2,3,4,3,3,1,17
475,3,19,139,1,3,2,4,3,3,4,2,17
476,3,20,140,1,2,2,3,3,3,3,1,15
477,3,21,141,1,3,2,4,3,4,2,1,16
478,3,22,142,2,3,1,3,3,3,2,1,14
479,3,23,143,2,2,1,3,3,3,3,2,15
480,3,24,144,2,3,2,2,4,2,3,2,15
481,3,1,145,1,3,1,2,3,2,3,2,12
482,3,2,146,1,4,1,1,2,3,3,1,11
483,3,3,147,1,2,1,1,3,3,1,2,10
484,3,4,148,2,3,2,2,3,2,2,1,13
485,3,5,149,1,2,1,3,3,2,2,1,12
486,3,6,150,2,3,1,2,3,3,2,1,13
487,3,7,151,1,3,1,2,2,3,1,1,10
488,3,8,152,2,2,1,1,3,3,2,2,12
489,3,9,153,2,3,1,2,3,3,2,1,13
490,3,10,154,2,2,1,4,4,4,1,2,16
491,3,11,155,2,2,2,3,3,2,2,2,14
492,3,12,156,1,3,2,3,3,2,4,1,15
493,3,13,157,2,2,1,4,3,4,3,2,17
494,3,14,158,2,3,2,4,3,3,2,1,16
495,3,15,159,2,3,2,4,3,3,3,1,17
496,3,16,160,2,3,2,3,4,4,3,2,18
497,3,17,161,2,3,2,4,4,4,3,2,19
498,3,18,162,1,3,2,3,4,4,3,1,17
499,3,19,163,2,3,1,2,4,4,4,1,17
500,3,20,164,1,2,2,4,3,2,3,2,15
501,3,21,165,2,2,2,4,3,2,3,2,16
502,3,22,166,2,3,1,3,2,3,3,2,14
503,3,23,167,2,2,1,3,2,2,3,1,13
504,3,24,168,1,3,1,3,3,3,2,2,13
505,4,1,1,1,3,1,3,2,2,2,2,11
506,4,2,2,1,3,1,3,3,2,3,2,13
507,4,3,3,1,2,1,3,1,1,2,1,9
508,4,4,4,1,3,2,2,2,2,2,1,11
509,4,5,5,0,3,1,2,3,4,3,2,13
510,4,6,6,1,2,2,3,2,1,2,2,11
511,4,7,7,2,3,1,3,1,3,3,2,13
512,4,8,8,2,3,1,3,3,1,3,2,13
513,4,9,9,2,2,1,2,3,3,3,1,14
514,4,10,10,2,3,2,3,2,2,4,2,15
515,4,11,11,1,2,1,3,4,2,3,1,14
516,4,12,12,2,3,1,2,2,4,4,0,15
517,4,13,13,2,2,1,3,2,5,3,2,16
518,4,14,14,1,3,2,3,3,5,3,1,17
519,4,15,15,2,3,2,3,3,4,4,1,18
520,4,16,16,1,3,2,3,4,5,3,2,18
521,4,17,17,2,3,2,3,2,5,4,2,18
522,4,18,18,1,3,2,5,3,3,3,1,17
523,4,19,19,2,3,2,3,4,3,3,2,17
524,4,20,20,2,3,2,3,4,3,2,2,16
525,4,21,21,0,3,2,3,2,3,3,2,13
526,4,22,22,1,2,2,4,2,3,2,1,14
527,4,23,23,1,3,1,2,3,2,3,1,12
528,4,24,24,2,3,1,2,3,3,3,1,14
529,4,1,25,1,3,1,3,3,2,2,0,12
530,4,2,26,2,2,1,2,3,3,2,2,13
531,4,3,27,1,2,1,2,2,2,3,2,11
532,4,4,28,2,2,2,2,2,3,1,2,12
533,4,5,29,1,3,1,3,2,3,2,2,12
534,4,6,30,1,2,1,1,2,3,2,1,10
535,4,7,31,2,2,1,2,2,2,3,1,12
536,4,8,32,2,4,2,2,2,2,2,1,12
537,4,9,33,2,3,1,3,2,2,3,1,13
538,4,10,34,2,2,1,3,4,3,3,1,16
539,4,11,35,1,3,1,4,3,4,4,1,17
540,4,12,36,2,3,1,4,3,3,3,1,16
541,4,13,37,2,2,2,2,4,3,3,2,16
542,4,14,38,2,2,2,3,3,4,4,1,18
543,4,15,39,0,3,2,4,2,4,4,1,16
544,4,16,40,1,3,2,2,3,4,5,1,17
545,4,17,41,0,3,2,4,3,4,4,1,17
546,4,18,42,2,2,2,3,3,3,4,2,17
547,4,19,43,1,3,2,3,3,3,3,1,15
548,4,20,44,2,3,2,4,3,3,2,1,16
549,4,21,45,2,2,2,3,3,2,3,1,15
550,4,22,46,2,3,1,3,2,3,4,1,15
551,4,23,47,2,3,1,4,3,2,3,1,15
552,4,24,48,0,3,1,3,3,2,4,2,13
553,4,1,49,2,2,1,2,2,4,3,1,14
554,4,2,50,2,3,1,1,3,3,3,1,13
555,4,3,51,1,3,1,2,2,3,3,1,12
556,4,4,52,1,3,1,2,3,2,2,2,11
557,4,5,53,2,2,1,3,3,2,2,2,13
558,4,6,54,1,2,1,2,3,3,2,2,12
559,4,7,55,2,3,1,3,2,2,3,2,13
560,4,8,56,2,3,1,4,3,2,2,2,14
561,4,9,57,2,3,2,3,3,3,1,2,14
562,4,10,58,2,3,1,3,3,2,3,2,14
563,4,11,59,2,3,2,3,3,3,3,2,16
564,4,12,60,2,2,1,4,4,2,2,2,15
565,4,13,61,2,3,2,3,3,5,2,2,17
566,4,14,62,1,2,2,4,4,3,4,1,18
567,4,15,63,2,3,2,4,3,3,3,1,17
568,4,16,64,2,3,2,4,2,5,4,1,19
569,4,17,65,1,2,2,5,3,3,3,1,17
570,4,18,66,1,3,2,3,4,4,3,1,17
571,4,19,67,2,2,1,4,4,3,3,1,17
572,4,20,68,2,3,2,3,3,2,2,1,14
573,4,21,69,1,2,1,3,2,3,3,2,13
574,4,22,70,1,3,1,4,2,3,4,2,15
575,4,23,71,2,3,1,3,2,2,3,2,13
576,4,24,72,1,3,1,4,2,3,2,2,13
577,4,1,73,2,2,2,2,3,3,3,1,15
578,4,2,74,0,2,1,2,2,2,2,2,9
579,4,3,75,1,3,1,2,3,3,2,1,12
580,4,4,76,2,2,1,3,2,2,3,0,13
581,4,5,77,2,2,1,3,2,2,2,1,12
582,4,6,78,1,3,1,3,2,3,2,1,12
583,4,7,79,2,3,2,2,2,3,3,1,14
584,4,8,80,2,2,1,2,3,2,3,1,13
585,4,9,81,2,2,2,3,2,2,3,1,14
586,4,10,82,1,3,1,3,3,3,3,2,14
587,4,11,83,0,2,1,3,3,4,3,2,14
588,4,12,84,2,3,2,4,3,3,3,1,17
589,4,13,85,1,3,1,4,3,3,4,1,16
590,4,14,86,2,3,2,4,5,3,3,1,19
591,4,15,87,1,2,2,3,4,3,4,1,17
592,4,16,88,2,2,1,3,4,3,4,1,17
593,4,17,89,1,2,2,4,4,3,4,2,18
594,4,18,90,2,3,2,3,4,3,2,1,16
595,4,19,91,2,2,2,3,2,4,4,2,17
596,4,20,92,2,2,2,3,2,3,2,1,14
597,4,21,93,2,3,2,2,3,3,3,1,15
598,4,22,94,2,2,1,3,3,3,2,2,14
599,4,23,95,2,2,1,2,2,4,2,1,13
600,4,24,96,2,2,1,2,2,2,3,1,12
601,4,1,97,1,3,1,2,3,2,2,2,11
602,4,2,98,2,2,1,3,1,3,2,1,12
603,4,3,99,1,2,2,2,2,2,2,2,11
604,4,4,100,2,2,1,2,1,2,2,1,10
605,4,5,101,1,3,1,2,3,2,2,1,11
606,4,6,102,2,3,1,3,1,3,2,2,12
607,4,7,103,1,3,2,1,3,2,3,1,12
608,4,8,104,2,2,1,2,3,3,3,1,14
609,4,9,105,1,3,1,2,3,4,3,2,14
610,4,10,106,0,2,1,3,2,3,3,2,12
611,4,11,107,2,2,1,3,3,3,3,1,15
612,4,12,108,2,2,2,3,4,4,3,1,18
613,4,13,109,1,3,2,3,2,4,2,2,14
614,4,14,110,1,2,1,4,4,2,3,1,15
615,4,15,111,2,2,2,4,3,3,4,2,18
616,4,16,112,1,3,2,4,2,3,4,2,16
617,4,17,113,2,3,2,4,3,3,3,1,17
618,4,18,114,2,3,2,3,2,3,4,2,16
619,4,19,115,2,3,2,4,2,4,2,1,16
620,4,20,116,1,2,1,4,2,4,2,2,14
621,4,21,117,2,2,1,4,3,4,3,1,17
622,4,22,118,2,2,2,2,4,3,3,1,16
623,4,23,119,1,3,1,2,3,4,3,2,14
624,4,24,120,1,1,1,2,1,4,3,2,12
625,4,1,121,2,2,1,3,3,3,3,2,15
626,4,2,122,2,2,1,2,2,2,3,1,12
627,4,3,123,2,2,1,2,2,1,3,1,11
628,4,4,124,0,2,1,3,2,3,2,2,11
629,4,5,125,1,3,1,2,1,3,3,2,11
630,4,6,126,2,2,2,1,2,2,3,1,12
631,4,7,127,1,2,1,2,4,2,2,1,12
632,4,8,128,1,3,1,3,3,2,2,1,12
633,4,9,129,1,2,2,2,3,3,3,1,14
634,4,10,130,2,2,2,3,3,3,2,1,15
635,4,11,131,1,2,2,3,3,3,3,1,15
636,4,12,132,2,3,2,2,4,3,3,2,16
637,4,13,133,2,2,2,3,4,3,4,2,18
638,4,14,134,2,3,2,4,2,4,5,1,19
639,4,15,135,2,4,2,4,3,2,3,1,16
640,4,16,136,1,2,2,5,3,3,3,1,17
641,4,17,137,2,2,2,4,3,2,4,1,17
642,4,18,138,2,2,2,4,3,4,4,1,19
643,4,19,139,2,2,2,3,4,3,4,1,18
644,4,20,140,2,2,2,3,3,3,3,2,16
645,4,21,141,2,3,2,3,3,3,3,1,16
646,4,22,142,2,3,1,4,2,2,4,2,15
647,4,23,143,1,2,1,3,4,2,3,1,14
648,4,24,144,1,3,1,2,3,3,2,1,12
649,4,1,145,2,3,1,3,3,2,1,2,12
650,4,2,146,2,2,1,2,3,3,1,0,12
651,4,3,147,2,3,1,2,2,1,3,1,11
652,4,4,148,1,2,1,2,3,2,2,1,11
653,4,5,149,1,2,1,2,2,2,2,2,10
654,4,6,150,1,2,1,2,3,2,3,1,12
655,4,7,151,0,3,1,3,3,1,2,1,10
656,4,8,152,1,2,1,2,3,2,3,1,12
657,4,9,153,1,3,1,2,2,4,3,1,13
658,4,10,154,1,3,2,3,4,3,1,1,14
659,4,11,155,1,3,1,3,3,4,4,2,16
660,4,12,156,0,3,2,1,4,2,4,1,13
661,4,13,157,2,3,2,3,4,3,4,2,18
662,4,14,158,2,3,2,4,3,5,2,2,18
663,4,15,159,1,3,2,4,4,3,3,1,17
664,4,16,160,1,3,2,4,3,4,4,2,18
665,4,17,161,2,3,2,3,4,2,2,1,15
666,4,18,162,2,3,1,4,2,4,4,1,17
667,4,19,163,2,2,1,3,4,4,2,1,16
668,4,20,164,1,2,1,4,4,3,2,2,15
669,4,21,165,1,3,2,3,2,3,3,1,14
670,4,22,166,2,3,2,3,3,2,3,1,15
671,4,23,167,2,4,1,3,3,2,3,1,14
672,4,24,168,2,2,1,2,2,3,2,1,12
673,5,1,1,2,2,1,2,1,4,2,2,12
674,5,2,2,2,2,1,3,2,3,2,2,13
675,5,3,3,1,2,1,2,2,2,3,1,11
676,5,4,4,1,3,1,3,2,2,2,1,11
677,5,5,5,2,3,1,2,2,3,2,1,12
678,5,6,6,1,3,2,2,1,2,2,1,10
679,5,7,7,2,3,1,2,3,4,2,1,14
680,5,8,8,2,2,1,1,2,3,3,1,12
681,5,9,9,1,2,2,2,3,3,3,2,14
682,5,10,10,1,3,2,3,3,3,2,1,14
683,5,11,11,2,2,1,3,3,4,3,1,16
684,5,12,12,2,3,2,3,4,4,3,2,18
685,5,13,13,1,3,1,3,3,5,3,2,16
686,5,14,14,2,3,2,3,3,5,3,1,18
687,5,15,15,1,2,2,2,3,4,4,1,16
688,5,16,16,1,3,2,3,4,4,5,2,19
689,5,17,17,2,2,2,3,3,3,3,1,16
690,5,18,18,2,3,2,3,4,3,3,1,17
691,5,19,19,2,2,2,5,2,3,2,1,16
692,5,20,20,2,3,1,4,4,3,3,1,17
693,5,21,21,1,3,2,5,4,3,1,2,16
694,5,22,22,1,3,2,3,3,2,3,1,14
695,5,23,23,2,3,1,3,3,1,4,2,14
696,5,24,24,2,3,1,2,3,2,2,2,12
697,5,1,25,0,3,2,2,2,1,4,1,11
698,5,2,26,1,2,1,2,2,3,2,2,11
699,5,3,27,1,3,1,2,2,3,3,2,12
700,5,4,28,0,2,1,3,1,2,2,1,9
701,5,5,29,2,3,1,4,3,2,1,2,13
702,5,6,30,1,3,1,4,3,2,2,2,13
703,5,7,31,1,2,2,3,3,3,3,1,15
704,5,8,32,1,2,2,2,3,3,2,1,13
705,5,9,33,1,3,1,2,3,2,3,2,12
706,5,10,34,1,3,2,3,5,1,2,2,14
707,5,11,35,1,3,1,2,4,3,2,2,13
708,5,12,36,2,2,1,4,3,3,4,1,17
709,5,13,37,1,2,1,4,3,3,4,1,16
710,5,14,38,2,3,1,4,3,4,4,2,18
711,5,15,39,2,1,2,4,3,3,5,1,19
712,5,16,40,2,3,2,3,3,4,4,1,18
713,5,17,41,2,2,1,3,3,3,4,1,16
714,5,18,42,1,2,1,4,4,4,4,2,18
715,5,19,43,2,3,1,3,6,3,2,2,17
716,5,20,44,2,2,1,4,3,2,5,1,17
717,5,21,45,2,2,2,4,4,2,3,1,17
718,5,22,46,2,2,1,3,3,3,2,1,14
719,5,23,47,2,3,1,3,2,3,3,1,14
720,5,24,48,1,2,1,3,2,2,3,1,12
721,5,1,49,1,3,1,2,3,3,2,1,12
722,5,2,50,2,3,2,3,3,2,1,1,13
723,5,3,51,1,3,1,2,2,2,3,2,11
724,5,4,52,2,3,2,2,1,3,1,2,11
725,5,5,53,1,3,1,2,2,2,3,2,11
726,5,6,54,2,3,1,3,2,3,2,1,13
727,5,7,55,1,3,1,2,2,2,4,2,12
728,5,8,56,2,3,1,2,3,2,2,2,12
729,5,9,57,2,3,1,3,2,4,2,1,14
730,5,10,58,2,3,2,3,3,3,2,2,15
731,5,11,59,0,2,1,3,3,4,3,2,14
732,5,12,60,2,3,1,4,2,4,4,2,17
733,5,13,61,1,3,2,3,3,4,3,1,16
734,5,14,62,2,3,2,2,3,4,3,1,16
735,5,15,63,0,2,2,3,3,2,5,2,15
736,5,16,64,2,3,1,2,6,4,2,1,17
737,5,17,65,2,3,2,4,3,4,4,2,19
738,5,18,66,2,2,2,3,3,3,4,1,17
739,5,19,67,2,4,2,3,4,4,3,1,18
740,5,20,68,2,3,2,3,4,3,3,1,17
741,5,21,69,2,3,2,2,3,3,3,1,15
742,5,22,70,1,3,2,2,3,2,2,0,12
743,5,23,71,2,2,2,4,2,3,2,2,15
744,5,24,72,2,2,1,3,2,2,4,1,14
745,5,1,73,2,3,2,3,2,2,2,1,13
746,5,2,74,1,2,1,3,2,3,1,2,11
747,5,3,75,1,2,1,2,2,3,3,2,12
748,5,4,76,0,3,1,2,3,3,2,2,11
749,5,5,77,1,3,1,3,3,2,2,2,12
750,5,6,78,2,3,1,2,2,3,2,1,12
751,5,7,79,1,2,1,2,3,2,4,2,13
752,5,8,80,1,3,1,3,3,2,2,1,12
753,5,9,81,2,3,1,2,4,3,2,1,14
754,5,10,82,2,3,2,2,3,3,3,1,15
755,5,11,83,2,2,2,4,3,3,2,1,16
756,5,12,84,1,3,2,3,4,2,3,1,15
757,5,13,85,2,3,1,4,3,3,4,1,17
758,5,14,86,2,2,2,3,5,3,3,1,18
759,5,15,87,1,3,2,3,4,4,4,1,18
760,5,16,88,1,2,2,2,3,4,4,1,16
761,5,17,89,2,3,2,4,3,3,3,2,17
762,5,18,90,2,2,1,3,5,4,3,2,18
763,5,19,91,2,3,1,3,4,3,4,1,17
764,5,20,92,1,3,1,3,3,5,2,1,15
765,5,21,93,2,3,1,3,3,2,4,2,15
766,5,22,94,2,3,2,3,3,3,2,1,15
767,5,23,95,2,3,1,3,3,2,2,2,13
768,5,24,96,2,2,1,2,2,3,2,2,12
769,5,1,97,2,2,1,2,2,2,3,3,12
770,5,2,98,2,3,1,2,2,3,2,2,12
771,5,3,99,0,3,1,3,2,3,1,2,10
772,5,4,100,1,3,1,3,1,3,2,1,11
773,5,5,101,0,3,1,3,2,2,3,1,11
774,5,6,102,0,3,1,2,3,2,2,1,10
775,5,7,103,2,2,1,2,3,2,2,2,12
776,5,8,104,1,3,2,3,2,2,2,1,12
777,5,9,105,2,3,2,2,2,3,3,1,14
778,5,10,106,2,3,2,3,3,3,2,1,15
779,5,11,107,2,3,2,3,2,3,3,1,15
780,5,12,108,1,3,1,3,4,4,2,2,15
781,5,13,109,2,3,2,4,4,3,2,1,17
782,5,14,110,2,3,2,3,3,2,6,1,18
783,5,15,111,2,3,1,3,3,5,3,2,17
784,5,16,112,2,2,2,2,4,4,3,1,17
785,5,17,113,1,2,1,3,3,3,4,2,15
786,5,18,114,2,2,2,4,3,4,3,1,18
787,5,19,115,1,3,2,3,4,3,4,2,17
788,5,20,116,2,2,2,2,3,4,3,1,16
789,5,21,117,2,2,1,4,2,3,3,2,15
790,5,22,118,1,2,2,4,2,3,2,1,14
791,5,23,119,2,2,1,2,4,3,3,1,15
792,5,24,120,1,3,1,3,3,2,2,2,12
793,5,1,121,1,3,2,2,3,1,3,1,12
794,5,2,122,1,3,1,2,3,2,2,2,11
795,5,3,123,2,3,2,2,3,2,2,1,13
796,5,4,124,2,3,2,2,2,2,2,2,12
797,5,5,125,2,2,1,2,1,2,3,2,11
798,5,6,126,1,2,1,2,2,2,2,2,10
799,5,7,127,1,3,1,3,2,2,3,2,12
800,5,8,128,2,3,1,2,3,3,2,1,13
801,5,9,129,0,3,1,2,3,3,3,2,12
802,5,10,130,2,3,1,3,2,4,3,2,15
803,5,11,131,1,2,1,3,3,2,4,2,14
804,5,12,132,2,3,1,2,4,3,2,1,14
805,5,13,133,1,3,2,3,4,3,4,1,17
806,5,14,134,1,2,2,4,2,3,5,1,17
807,5,15,135,2,2,2,4,2,4,4,2,18
808,5,16,136,2,3,2,4,2,3,2,1,15
809,5,17,137,2,2,1,5,3,3,3,1,17
810,5,18,138,1,3,2,2,3,4,3,1,15
811,5,19,139,2,2,2,3,3,4,4,2,18
812,5,20,140,2,3,1,3,4,4,3,2,17
813,5,21,141,2,3,2,2,4,2,3,1,15
814,5,22,142,2,3,1,3,3,3,3,1,15
815,5,23,143,2,3,2,3,3,2,1,1,13
816,5,24,144,1,2,1,3,3,2,2,2,12
817,5,1,145,0,2,1,3,2,2,3,2,11
818,5,2,146,2,3,1,1,3,4,2,1,13
819,5,3,147,2,2,1,2,2,2,2,2,11
820,5,4,148,1,3,1,3,1,2,2,1,10
821,5,5,149,1,2,1,2,3,2,3,1,12
822,5,6,150,2,3,1,2,3,2,2,2,12
823,5,7,151,2,2,1,1,3,3,3,1,13
824,5,8,152,2,2,1,3,1,2,4,1,13
825,5,9,153,1,2,1,3,3,3,3,1,14
826,5,10,154,2,3,1,3,3,3,3,2,15
827,5,11,155,2,2,2,3,3,3,3,1,16
828,5,12,156,2,3,2,4,2,3,3,1,16
829,5,13,157,0,2,2,4,3,3,3,1,15
830,5,14,158,2,3,2,3,4,3,3,1,17
831,5,15,159,2,2,2,2,4,3,3,2,16
832,5,16,160,1,3,2,4,3,4,2,1,16
833,5,17,161,2,2,2,4,2,4,4,1,18
834,5,18,162,2,2,1,4,4,3,4,1,18
835,5,19,163,2,3,1,4,3,3,4,2,17
836,5,20,164,0,2,2,3,3,3,3,1,14
837,5,21,165,1,3,2,4,3,2,3,1,15
838,5,22,166,0,2,1,5,2,3,4,1,15
839,5,23,167,2,3,1,3,3,2,2,1,13
840,5,24,168,2,3,2,2,3,3,2,1,14
841,6,1,1,2,2,1,3,2,2,2,1,12
842,6,2,2,2,1,1,2,2,3,2,2,12
843,6,3,3,1,2,2,1,1,2,3,1,10
844,6,4,4,0,3,1,1,2,3,2,1,9
845,6,5,5,2,3,1,2,3,2,2,2,12
846,6,6,6,2,3,1,3,2,3,2,2,13
847,6,7,7,1,2,1,3,2,2,3,1,12
848,6,8,8,1,3,1,2,2,3,4,2,13
849,6,9,9,2,3,1,3,3,2,3,2,14
850,6,10,10,2,2,1,2,4,3,2,2,14
851,6,11,11,1,2,2,2,3,3,3,0,14
852,6,12,12,2,2,2,4,2,2,4,2,16
853,6,13,13,2,2,1,3,3,4,4,1,17
854,6,14,14,2,3,2,3,3,3,4,1,17
855,6,15,15,2,2,2,4,3,5,2,2,18
856,6,16,16,2,3,2,4,4,3,3,1,18
857,6,17,17,2,2,2,3,2,4,4,1,17
858,6,18,18,1,3,2,3,3,2,5,2,16
859,6,19,19,1,2,2,2,3,4,4,1,16
860,6,20,20,1,2,1,3,3,4,4,2,16
861,6,21,21,2,2,1,3,4,3,3,1,16
862,6,22,22,2,3,1,4,2,2,4,2,15
863,6,23,23,1,2,1,2,3,3,2,1,12
864,6,24,24,1,2,2,3,2,3,2,2,13
865,6,1,25,1,2,1,2,3,3,2,2,12
866,6,2,26,2,3,1,2,2,3,3,1,13
867,6,3,27,1,2,1,2,3,2,2,2,11
868,6,4,28,2,3,1,2,3,3,2,1,13
869,6,5,29,2,2,1,2,2,3,3,1,13
870,6,6,30,2,3,1,3,3,2,3,1,14
871,6,7,31,2,3,1,2,3,3,3,1,14
872,6,8,32,2,2,1,2,2,4,2,2,13
873,6,9,33,2,3,1,4,4,1,3,1,15
874,6,10,34,1,4,2,4,2,3,3,1,15
875,6,11,35,2,3,1,2,3,4,3,2,15
876,6,12,36,0,3,1,3,3,4,4,1,15
877,6,13,37,2,2,2,3,4,3,2,1,16
878,6,14,38,2,3,1,3,5,3,2,2,16
879,6,15,39,1,2,2,4,4,3,4,2,18
880,6,16,40,2,2,2,3,4,3,4,2,18
881,6,17,41,2,3,2,3,3,4,3,2,17
882,6,18,42,1,2,2,3,4,3,3,1,16
883,6,19,43,2,1,1,4,2,3,4,1,16
884,6,20,44,2,2,2,4,3,3,4,1,18
885,6,21,45,2,2,2,2,4,2,3,1,15
886,6,22,46,1,2,1,3,3,3,3,2,14
887,6,23,47,1,2,1,2,4,2,2,1,12
888,6,24,48,1,3,1,3,2,3,3,1,13
889,6,1,49,2,2,1,2,1,3,3,1,12
890,6,2,50,0,2,1,3,3,2,3,1,12
891,6,3,51,2,3,1,3,2,1,2,2,11
892,6,4,52,2,2,1,3,2,2,1,1,11
893,6,5,53,1,2,2,2,1,2,1,2,9
894,6,6,54,2,3,1,2,2,2,2,1,11
895,6,7,55,2,2,1,2,2,3,3,1,13
896,6,8,56,2,3,1,3,2,3,2,1,13
897,6,9,57,2,2,1,2,2,3,3,1,13
898,6,10,58,1,3,2,3,3,3,2,1,14
899,6,11,59,1,3,2,2,4,3,4,1,16
900,6,12,60,2,2,2,3,3,3,3,1,16
901,6,13,61,2,2,2,3,3,4,4,1,18
902,6,14,62,2,2,2,4,2,3,4,2,17
903,6,15,63,2,3,2,4,2,3,4,2,17
904,6,16,64,2,3,2,4,3,4,4,1,19
905,6,17,65,2,2,2,3,3,4,4,1,18
906,6,18,66,2,2,1,3,4,3,4,2,17
907,6,19,67,1,3,2,4,4,2,3,1,16
908,6,20,68,2,2,2,3,3,3,4,2,17
909,6,21,69,2,3,2,2,3,3,3,1,15
910,6,22,70,1,3,2,3,3,2,3,1,14
911,6,23,71,1,2,1,4,3,2,3,2,14
912,6,24,72,0,3,1,3,3,2,3,1,12
913,6,1,73,2,3,1,4,2,3,3,2,15
914,6,2,74,1,3,1,2,1,2,5,2,12
915,6,3,75,1,3,1,2,3,3,2,2,12
916,6,4,76,1,2,1,3,1,2,2,1,10
917,6,5,77,1,2,1,3,3,3,2,2,13
918,6,6,78,1,2,1,3,3,2,3,1,13
919,6,7,79,1,3,1,3,3,2,2,1,12
920,6,8,80,2,2,1,2,2,3,3,1,13
921,6,9,81,1,3,2,3,2,2,2,2,12
922,6,10,82,2,2,1,3,3,3,3,2,15
923,6,11,83,2,3,2,4,2,3,2,1,15
924,6,12,84,1,3,2,4,4,3,3,2,17
925,6,13,85,2,3,2,4,4,3,2,1,17
926,6,14,86,2,3,2,4,4,3,2,1,17
927,6,15,87,1,3,2,3,3,3,2,2,14
928,6,16,88,2,2,2,3,4,3,3,2,17
929,6,17,89,2,3,2,3,4,4,2,1,17
930,6,18,90,1,3,2,4,3,3,3,1,16
931,6,19,91,2,2,2,4,2,3,4,1,17
932,6,20,92,2,3,1,4,3,3,3,2,16
933,6,21,93,1,2,1,5,3,3,3,2,16
934,6,22,94,2,3,1,4,3,2,2,1,14
935,6,23,95,2,3,1,4,3,3,2,1,15
936,6,24,96,2,2,2,1,4,2,2,1,13
937,6,1,97,1,2,2,2,2,2,3,1,12
938,6,2,98,2,3,1,2,2,3,3,2,13
939,6,3,99,2,3,1,2,3,3,3,1,14
940,6,4,100,2,2,1,3,2,2,3,1,13
941,6,5,101,1,3,2,2,2,2,3,1,12
942,6,6,102,2,3,2,2,3,2,2,2,13
943,6,7,103,2,3,2,3,2,2,3,1,14
944,6,8,104,1,3,1,2,3,2,3,2,12
945,6,9,105,2,3,1,3,2,4,2,1,14
946,6,10,106,0,3,2,3,2,2,3,1,12
947,6,11,107,2,3,2,2,3,3,2,1,14
948,6,12,108,2,2,2,2,4,3,3,1,16
949,6,13,109,1,2,2,3,3,4,3,2,16
950,6,14,110,2,3,1,3,3,5,3,2,17
951,6,15,111,2,4,2,2,3,3,4,1,16
952,6,16,112,2,2,2,4,4,3,4,1,19
953,6,17,113,2,2,2,3,3,4,3,1,17
954,6,18,114,2,2,2,4,4,2,4,1,18
955,6,19,115,1,3,2,4,4,3,2,1,16
956,6,20,116,2,3,1,4,3,2,3,1,15
957,6,21,117,2,2,2,3,3,3,3,2,16
958,6,22,118,2,3,1,2,3,3,2,1,13
959,6,23,119,2,2,1,3,3,3,3,1,15
960,6,24,120,2,3,1,1,3,2,3,2,12
961,6,1,121,2,3,1,2,2,3,2,1,12
962,6,2,122,1,3,1,3,3,4,2,2,14
963,6,3,123,2,3,1,2,2,3,2,1,12
964,6,4,124,1,3,1,3,1,3,2,2,11
965,6,5,125,2,3,1,3,3,2,2,2,13
966,6,6,126,2,3,1,3,2,2,2,1,12
967,6,7,127,1,3,2,2,2,2,2,2,11
968,6,8,128,1,3,1,3,2,3,3,1,13
969,6,9,129,1,3,1,2,3,3,3,2,13
970,6,10,130,1,3,1,2,3,3,4,2,14
971,6,11,131,2,3,1,2,2,5,4,1,16
972,6,12,132,0,1,1,4,4,2,4,1,15
973,6,13,133,2,3,1,4,2,5,3,1,17
974,6,14,134,1,2,2,4,3,3,3,1,16
975,6,15,135,1,3,1,4,4,3,4,2,17
976,6,16,136,2,1,2,3,4,4,3,1,18
977,6,17,137,2,2,2,3,5,3,4,1,19
978,6,18,138,2,4,2,5,4,3,2,1,18
979,6,19,139,2,3,1,3,3,3,3,2,15
980,6,20,140,2,3,2,2,3,3,3,1,15
981,6,21,141,2,2,1,4,3,4,3,1,17
982,6,22,142,1,2,2,3,3,3,3,2,15
983,6,23,143,1,2,1,4,1,4,2,1,13
984,6,24,144,0,3,1,3,3,3,2,2,12
985,6,1,145,2,3,2,2,2,3,2,1,13
986,6,2,146,1,2,1,2,3,3,2,2,12
987,6,3,147,1,4,1,1,2,3,1,1,9
988,6,4,148,0,3,1,2,3,3,2,1,11
989,6,5,149,2,2,1,2,2,3,3,1,13
990,6,6,150,2,3,1,2,2,2,3,1,12
991,6,7,151,0,2,1,3,3,2,2,2,11
992,6,8,152,2,2,1,1,3,3,3,1,13
993,6,9,153,2,3,1,4,2,1,3,1,13
994,6,10,154,2,3,2,2,3,3,3,1,15
995,6,11,155,2,3,1,3,2,4,5,1,17
996,6,12,156,2,2,1,4,3,3,4,2,17
997,6,13,157,2,3,2,3,2,4,3,1,16
998,6,14,158,2,3,2,3,4,3,3,1,17
999,6,15,159,2,2,2,4,3,3,4,1,18
1000,6,16,160,1,1,1,4,3,3,4,1,16
1001,6,17,161,2,2,2,3,3,3,3,1,16
1002,6,18,162,1,2,2,3,3,4,3,2,16
1003,6,19,163,1,4,2,5,2,4,2,1,16
1004,6,20,164,2,3,1,4,3,3,4,2,17
1005,6,21,165,2,2,2,4,4,2,2,1,16
1006,6,22,166,0,3,2,4,2,2,3,1,13
1007,6,23,167,2,3,1,2,4,3,3,2,15
1008,6,24,168,2,2,1,2,3,2,3,2,13
