Absolute Hour,Week,Hour (Day),Hour (Week),Floating,Purple,EDOU,Red Pod,Blue Pod,Green Pod,Orange Pod,iTrack,Hallway
1,1,1,1,57,15,1,1,9,15,13,7,12
2,1,2,2,51,18,5,0,9,11,12,8,11
3,1,3,3,48,15,8,1,7,6,12,14,8
4,1,4,4,49,15,3,3,9,4,8,13,12
5,1,5,5,46,15,5,0,15,6,8,7,10
6,1,6,6,52,16,7,3,11,12,9,8,9
7,1,7,7,57,13,4,4,9,13,9,8,14
8,1,8,8,56,12,6,4,9,7,14,12,10
9,1,9,9,65,15,5,3,15,6,24,7,10
10,1,10,10,65,17,8,2,12,14,15,13,9
11,1,11,11,71,13,2,0,13,16,14,11,17
12,1,12,12,72,15,7,4,12,12,12,14,18
13,1,13,13,72,11,1,4,10,15,11,18,14
14,1,14,14,76,6,4,4,15,18,11,14,14
15,1,15,15,78,15,5,3,20,15,13,14,13
16,1,16,16,81,13,6,3,19,15,20,9,15
17,1,17,17,82,18,5,3,14,22,10,19,14
18,1,18,18,82,15,7,4,8,18,15,16,21
19,1,19,19,76,14,5,2,16,18,15,16,9
20,1,20,20,73,14,4,3,13,10,14,15,18
21,1,21,21,73,12,2,4,12,14,20,9,14
22,1,22,22,63,15,8,4,17,13,11,10,8
23,1,23,23,62,13,7,4,11,11,13,6,17
24,1,24,24,56,13,2,2,8,10,15,10,11
25,1,1,25,58,12,4,2,14,10,13,10,9
26,1,2,26,50,19,7,4,9,9,9,13,6
27,1,3,27,49,19,5,1,13,11,7,5,12
28,1,4,28,52,16,4,2,11,8,12,11,8
29,1,5,29,45,14,5,2,11,7,5,8,12
30,1,6,30,49,21,5,0,8,10,9,12,10
31,1,7,31,55,13,5,1,10,12,10,10,12
32,1,8,32,54,19,9,2,10,14,13,8,7
33,1,9,33,58,17,5,3,13,7,7,12,16
34,1,10,34,65,16,5,3,11,17,12,14,8
35,1,11,35,74,12,2,4,11,15,16,10,18
36,1,12,36,71,14,6,3,14,13,10,17,14
37,1,13,37,75,15,8,1,17,23,6,14,14
38,1,14,38,85,15,7,1,10,21,12,23,18
39,1,15,39,79,17,4,3,18,16,20,9,13
40,1,16,40,83,18,2,3,12,20,14,13,21
41,1,17,41,77,12,4,4,18,24,9,12,10
42,1,18,42,77,16,5,4,24,14,14,8,13
43,1,19,43,77,13,6,3,14,19,16,14,11
44,1,20,44,73,11,7,1,16,13,19,13,11
45,1,21,45,68,17,4,4,10,13,17,12,12
46,1,22,46,61,19,4,4,19,11,10,9,8
47,1,23,47,59,18,5,4,12,12,9,11,11
48,1,24,48,55,12,1,3,7,10,8,10,17
49,1,1,49,51,14,5,2,8,11,11,9,10
50,1,2,50,51,14,5,1,10,9,18,5,8
51,1,3,51,54,15,5,4,11,10,12,10,7
52,1,4,52,47,18,7,3,11,11,7,10,5
53,1,5,53,47,17,5,0,10,6,8,12,11
54,1,6,54,55,14,3,3,7,11,10,10,14
55,1,7,55,50,14,4,0,15,6,9,10,10
56,1,8,56,48,15,4,4,12,8,9,7,8
57,1,9,57,57,14,6,0,12,12,11,13,9
58,1,10,58,67,18,3,2,13,18,10,10,14
59,1,11,59,69,12,7,3,15,15,14,13,9
60,1,12,60,72,13,6,4,16,17,16,10,9
61,1,13,61,79,17,3,3,21,14,12,13,16
62,1,14,62,74,12,4,4,11,9,17,14,19
63,1,15,63,85,9,4,3,22,21,15,8,16
64,1,16,64,79,21,5,4,14,14,12,15,20
65,1,17,65,80,19,8,2,15,21,10,15,17
66,1,18,66,73,16,2,1,20,17,13,9,13
67,1,19,67,74,18,5,3,14,15,22,14,6
68,1,20,68,72,12,5,4,10,14,13,12,19
69,1,21,69,73,17,7,1,14,15,17,10,16
70,1,22,70,63,19,4,2,18,9,11,10,13
71,1,23,71,63,18,6,4,13,13,5,15,13
72,1,24,72,61,14,8,0,9,12,15,14,11
73,1,1,73,50,20,4,4,4,12,11,8,11
74,1,2,74,50,18,7,4,9,9,11,9,8
75,1,3,75,47,17,5,1,11,12,6,10,7
76,1,4,76,53,15,5,2,10,13,12,11,5
77,1,5,77,53,14,5,2,13,7,13,9,9
78,1,6,78,47,18,7,2,8,13,9,11,4
79,1,7,79,55,13,4,3,10,12,9,11,10
80,1,8,80,59,15,7,2,11,9,10,11,16
81,1,9,81,64,16,3,2,13,14,10,10,15
82,1,10,82,63,17,8,3,10,9,13,10,18
83,1,11,83,75,17,3,4,14,18,16,15,8
84,1,12,84,81,16,2,3,19,20,13,12,14
85,1,13,85,76,19,5,4,13,18,13,12,16
86,1,14,86,79,12,6,3,20,14,9,19,14
87,1,15,87,79,19,3,2,19,8,14,20,16
88,1,16,88,76,15,6,4,16,13,13,16,14
89,1,17,89,82,7,5,3,17,12,22,14,14
90,1,18,90,74,19,3,1,16,17,13,17,10
91,1,19,91,71,13,6,4,16,12,10,13,16
92,1,20,92,73,14,6,1,14,11,14,15,18
93,1,21,93,73,20,5,4,9,16,20,11,13
94,1,22,94,67,16,2,1,17,9,17,10,13
95,1,23,95,57,19,7,4,8,12,10,13,10
96,1,24,96,54,16,3,2,12,12,8,10,10
97,1,1,97,51,17,3,4,9,10,12,10,6
98,1,2,98,51,17,3,1,5,10,10,12,13
99,1,3,99,47,10,6,0,6,7,7,14,13
100,1,4,100,47,12,4,3,9,11,9,6,9
101,1,5,101,52,8,3,4,13,13,4,10,8
102,1,6,102,57,12,5,4,9,11,12,10,11
103,1,7,103,50,13,6,2,6,14,10,9,9
104,1,8,104,60,18,7,2,8,13,17,14,6
105,1,9,105,63,20,4,3,7,13,13,11,16
106,1,10,106,64,14,3,4,17,9,9,15,10
107,1,11,107,68,16,7,4,11,13,14,13,13
108,1,12,108,70,19,2,3,10,11,14,13,19
109,1,13,109,81,19,7,4,20,13,14,13,17
110,1,14,110,77,16,3,2,11,16,14,21,13
111,1,15,111,80,14,2,4,20,13,18,9,16
112,1,16,112,79,14,8,4,15,14,10,21,15
113,1,17,113,81,9,5,4,12,19,16,16,14
114,1,18,114,74,16,6,3,14,12,18,16,11
115,1,19,115,72,19,5,3,15,15,15,13,11
116,1,20,116,67,15,5,2,11,16,19,5,14
117,1,21,117,67,17,6,2,10,14,7,12,22
118,1,22,118,58,15,8,3,18,8,13,10,6
119,1,23,119,63,21,5,0,16,8,15,12,12
120,1,24,120,53,14,2,1,11,12,10,11,8
121,1,1,121,52,15,6,2,5,8,11,12,14
122,1,2,122,52,18,7,2,7,12,7,14,10
123,1,3,123,46,14,7,4,6,9,9,10,8
124,1,4,124,50,16,3,4,9,11,13,5,8
125,1,5,125,51,12,4,2,10,9,7,12,11
126,1,6,126,50,20,6,0,14,6,7,15,8
127,1,7,127,53,9,3,2,14,8,12,10,7
128,1,8,128,52,14,8,4,10,12,11,8,7
129,1,9,129,61,13,4,2,11,9,11,14,14
130,1,10,130,59,15,3,2,16,11,13,8,9
131,1,11,131,62,13,5,1,8,13,16,10,14
132,1,12,132,74,17,6,1,15,11,16,13,18
133,1,13,133,70,14,7,1,13,18,14,12,12
134,1,14,134,80,17,4,3,14,14,15,12,22
135,1,15,135,72,15,1,2,17,21,9,7,16
136,1,16,136,81,15,6,4,14,17,16,15,15
137,1,17,137,82,16,2,4,16,12,18,12,20
138,1,18,138,85,19,6,0,20,18,18,16,13
139,1,19,139,79,20,5,1,12,15,15,17,19
140,1,20,140,76,20,3,2,19,12,12,15,16
141,1,21,141,70,18,5,4,10,18,8,16,14
142,1,22,142,63,18,5,2,19,10,8,15,9
143,1,23,143,63,11,4,4,7,10,18,13,11
144,1,24,144,57,10,6,4,8,18,16,5,6
145,1,1,145,51,14,6,4,10,11,16,3,7
146,1,2,146,54,16,7,3,9,14,12,13,3
147,1,3,147,47,19,8,4,7,8,10,9,9
148,1,4,148,55,19,5,1,7,9,15,16,7
149,1,5,149,44,17,2,4,9,11,3,10,7
150,1,6,150,52,14,3,4,12,8,7,8,13
151,1,7,151,53,14,5,3,13,7,10,9,11
152,1,8,152,61,17,8,4,18,5,9,13,12
153,1,9,153,62,14,7,1,9,10,14,13,15
154,1,10,154,64,9,5,2,9,12,10,19,12
155,1,11,155,67,12,9,1,14,14,10,19,9
156,1,12,156,70,21,0,3,17,11,14,13,12
157,1,13,157,80,20,6,4,10,16,16,17,17
158,1,14,158,83,19,4,4,12,19,16,14,18
159,1,15,159,81,18,3,4,13,16,14,19,15
160,1,16,160,74,16,7,4,14,12,11,19,14
161,1,17,161,79,14,3,4,18,15,12,13,17
162,1,18,162,80,18,5,4,13,9,17,17,20
163,1,19,163,75,15,5,3,13,15,12,18,14
164,1,20,164,75,13,7,1,15,17,17,10,15
165,1,21,165,71,16,3,1,22,13,8,12,15
166,1,22,166,67,18,7,3,17,11,16,11,9
167,1,23,167,60,14,7,3,10,9,8,12,18
168,1,24,168,55,20,3,1,7,10,13,10,14
169,2,1,1,52,13,8,2,11,14,7,10,8
170,2,2,2,53,18,3,4,17,10,7,13,2
171,2,3,3,50,12,4,2,16,6,5,18,3
172,2,4,4,49,20,8,2,10,9,7,12,9
173,2,5,5,57,13,9,1,12,10,7,12,15
174,2,6,6,52,15,4,3,8,9,7,11,14
175,2,7,7,52,15,4,1,6,10,7,14,14
176,2,8,8,59,15,5,2,11,9,8,14,15
177,2,9,9,62,22,5,4,14,7,12,16,9
178,2,10,10,67,18,5,1,8,12,12,15,19
179,2,11,11,67,10,4,3,15,20,14,10,5
180,2,12,12,72,17,4,3,19,10,18,14,8
181,2,13,13,76,13,2,4,17,14,15,10,16
182,2,14,14,77,20,4,4,16,15,12,14,16
183,2,15,15,74,15,9,2,10,17,11,16,18
184,2,16,16,81,14,7,4,16,17,18,10,16
185,2,17,17,76,13,4,3,16,9,22,11,15
186,2,18,18,77,17,4,0,15,15,16,19,12
187,2,19,19,75,14,7,2,15,16,20,9,13
188,2,20,20,72,14,6,1,15,14,14,12,16
189,2,21,21,74,16,6,4,13,16,11,18,12
190,2,22,22,61,17,4,1,20,13,7,7,13
191,2,23,23,65,9,2,3,9,13,15,13,12
192,2,24,24,58,15,8,1,16,11,11,7,12
193,2,1,25,53,13,2,4,12,10,8,8,11
194,2,2,26,49,21,10,3,10,9,11,6,10
195,2,3,27,52,14,3,4,13,11,7,10,7
196,2,4,28,50,12,7,2,9,11,13,9,6
197,2,5,29,48,18,4,2,15,8,7,8,8
198,2,6,30,51,12,3,1,9,10,9,10,12
199,2,7,31,53,18,5,2,6,16,10,11,8
200,2,8,32,58,18,5,4,18,10,8,8,10
201,2,9,33,59,9,5,2,5,14,8,16,14
202,2,10,34,68,16,3,4,12,13,13,16,10
203,2,11,35,66,15,6,4,13,13,14,11,11
204,2,12,36,69,12,6,4,16,14,16,14,5
205,2,13,37,78,9,2,4,16,10,18,9,21
206,2,14,38,81,13,5,2,14,21,11,15,18
207,2,15,39,83,14,4,0,17,22,22,13,9
208,2,16,40,82,16,5,4,18,9,15,14,22
209,2,17,41,79,15,9,4,14,20,15,10,16
210,2,18,42,71,14,2,2,6,12,16,16,19
211,2,19,43,81,14,10,4,11,19,13,15,19
212,2,20,44,71,15,8,3,11,15,14,10,18
213,2,21,45,69,11,5,3,15,10,21,10,10
214,2,22,46,64,17,6,4,11,16,13,9,11
215,2,23,47,61,20,11,2,9,15,13,11,11
216,2,24,48,54,17,7,3,16,15,7,5,8
217,2,1,49,53,15,2,0,9,9,11,11,13
218,2,2,50,56,12,6,0,14,8,15,10,9
219,2,3,51,49,13,6,4,11,6,10,8,10
220,2,4,52,50,14,4,1,9,11,11,12,6
221,2,5,53,54,17,4,3,9,11,12,9,10
222,2,6,54,51,16,6,0,11,7,9,14,10
223,2,7,55,57,11,1,3,11,18,6,9,10
224,2,8,56,56,16,5,4,7,10,6,16,13
225,2,9,57,62,16,7,4,11,12,9,13,13
226,2,10,58,65,18,5,3,14,12,11,16,9
227,2,11,59,73,15,4,4,20,13,12,16,8
228,2,12,60,72,14,4,4,15,13,15,14,11
229,2,13,61,73,15,7,3,13,14,17,15,11
230,2,14,62,77,15,6,0,18,16,16,15,12
231,2,15,63,81,12,4,4,20,12,14,17,14
232,2,16,64,77,10,9,2,14,17,10,18,16
233,2,17,65,80,12,6,1,16,11,18,16,18
234,2,18,66,83,14,4,3,23,20,11,6,20
235,2,19,67,72,20,5,2,16,17,12,12,13
236,2,20,68,77,11,7,3,14,12,15,18,15
237,2,21,69,67,17,8,4,14,14,9,16,10
238,2,22,70,66,14,6,1,13,16,10,12,14
239,2,23,71,62,14,7,2,16,9,13,12,10
240,2,24,72,57,15,5,4,7,17,10,9,10
241,2,1,73,56,13,2,1,13,8,11,12,11
242,2,2,74,52,16,2,1,11,6,7,14,13
243,2,3,75,51,11,7,0,11,6,15,8,11
244,2,4,76,51,19,5,3,9,10,7,15,7
245,2,5,77,51,13,5,2,11,7,7,15,9
246,2,6,78,50,14,5,4,5,6,15,9,11
247,2,7,79,55,15,5,4,7,12,8,12,12
248,2,8,80,53,15,3,2,3,15,13,13,7
249,2,9,81,60,20,7,2,13,11,7,13,14
250,2,10,82,64,15,7,1,11,9,15,13,15
251,2,11,83,68,19,7,3,10,13,17,15,10
252,2,12,84,73,13,0,4,20,7,15,15,12
253,2,13,85,83,14,3,1,20,17,17,11,17
254,2,14,86,75,15,3,4,14,17,12,15,13
255,2,15,87,81,17,9,3,18,11,20,16,13
256,2,16,88,84,17,6,3,11,25,21,11,13
257,2,17,89,79,15,7,4,13,12,16,11,23
258,2,18,90,77,15,4,4,9,15,9,19,21
259,2,19,91,81,17,5,2,18,16,16,11,18
260,2,20,92,69,12,7,4,8,14,19,9,15
261,2,21,93,65,16,6,4,13,12,7,15,14
262,2,22,94,70,11,1,4,15,17,10,17,7
263,2,23,95,59,20,7,2,13,10,12,8,14
264,2,24,96,57,12,7,4,17,7,5,11,13
265,2,1,97,54,18,6,2,9,9,11,12,11
266,2,2,98,50,15,3,2,8,8,9,13,10
267,2,3,99,56,16,3,1,13,7,9,8,18
268,2,4,100,48,11,7,3,7,6,12,14,6
269,2,5,101,45,13,3,2,9,8,7,10,9
270,2,6,102,53,16,7,0,10,11,11,11,10
271,2,7,103,52,17,3,4,5,11,8,14,10
272,2,8,104,53,17,3,3,9,9,10,12,10
273,2,9,105,62,19,5,4,11,8,13,10,16
274,2,10,106,68,17,6,4,15,12,15,10,12
275,2,11,107,68,15,6,4,13,14,11,13,13
276,2,12,108,67,10,6,4,12,9,17,13,12
277,2,13,109,72,14,6,2,16,14,8,20,12
278,2,14,110,81,14,6,3,17,16,21,6,18
279,2,15,111,81,9,6,2,21,15,15,13,15
280,2,16,112,82,16,5,3,20,23,7,13,16
281,2,17,113,82,10,5,4,12,19,17,15,15
282,2,18,114,83,18,6,3,18,12,17,13,20
283,2,19,115,76,13,5,4,10,13,12,15,22
284,2,20,116,74,10,8,2,12,16,16,16,12
285,2,21,117,70,18,8,4,13,12,11,11,19
286,2,22,118,67,19,8,4,8,14,18,12,11
287,2,23,119,52,16,5,3,7,13,10,10,9
288,2,24,120,55,10,7,4,10,9,11,12,9
289,2,1,121,52,16,7,4,12,9,10,7,10
290,2,2,122,51,15,7,2,12,8,11,9,9
291,2,3,123,50,17,5,4,4,15,12,6,9
292,2,4,124,48,19,8,2,8,9,7,11,11
293,2,5,125,45,10,6,1,9,9,6,12,8
294,2,6,126,52,18,3,1,9,9,7,14,12
295,2,7,127,49,16,6,1,5,11,13,8,11
296,2,8,128,59,16,3,2,16,8,9,11,13
297,2,9,129,61,19,5,3,11,12,11,14,10
298,2,10,130,68,17,5,3,16,16,10,12,11
299,2,11,131,66,14,5,3,13,12,17,9,12
300,2,12,132,68,13,6,4,13,12,14,10,15
301,2,13,133,77,15,4,2,10,16,23,15,11
302,2,14,134,75,14,4,3,7,18,11,16,20
303,2,15,135,84,11,4,4,17,14,18,24,7
304,2,16,136,84,17,6,4,20,18,16,13,13
305,2,17,137,75,14,3,4,9,10,20,16,16
306,2,18,138,78,15,5,4,11,14,15,10,24
307,2,19,139,76,11,6,4,12,11,13,14,22
308,2,20,140,73,14,1,3,18,10,14,19,9
309,2,21,141,80,16,6,4,13,16,16,16,15
310,2,22,142,63,14,5,2,10,11,11,19,10
311,2,23,143,59,13,3,1,8,13,13,10,14
312,2,24,144,63,17,5,4,6,16,13,11,13
313,2,1,145,53,22,7,3,9,7,14,7,13
314,2,2,146,55,18,4,2,10,11,13,10,9
315,2,3,147,52,17,8,3,11,10,9,10,9
316,2,4,148,53,15,3,4,6,8,12,13,10
317,2,5,149,49,14,3,2,10,9,12,8,8
318,2,6,150,55,18,7,1,11,11,11,12,9
319,2,7,151,53,15,1,3,8,16,7,10,9
320,2,8,152,55,18,1,4,6,10,11,11,13
321,2,9,153,64,21,7,4,13,12,13,9,13
322,2,10,154,63,13,6,0,10,13,10,15,15
323,2,11,155,65,17,5,4,12,12,11,16,10
324,2,12,156,68,11,9,4,13,11,16,13,11
325,2,13,157,80,16,5,3,22,15,11,14,15
326,2,14,158,84,14,3,3,18,16,12,16,19
327,2,15,159,83,14,7,4,19,15,18,14,13
328,2,16,160,85,12,6,4,12,18,18,15,18
329,2,17,161,79,13,7,4,8,21,20,11,15
330,2,18,162,84,16,3,4,15,15,20,15,15
331,2,19,163,72,17,6,4,12,9,20,16,11
332,2,20,164,71,16,6,4,8,10,12,20,17
333,2,21,165,66,15,9,3,10,11,14,14,14
334,2,22,166,64,17,6,3,11,17,10,12,11
335,2,23,167,62,16,6,2,16,14,8,7,15
336,2,24,168,58,12,1,3,12,13,7,10,13
337,3,1,1,54,17,7,2,5,11,6,18,12
338,3,2,2,55,15,5,3,11,9,12,9,11
339,3,3,3,45,15,6,1,12,7,7,8,10
340,3,4,4,49,16,4,2,11,11,11,6,8
341,3,5,5,52,18,3,4,7,11,10,10,10
342,3,6,6,52,10,7,3,14,8,10,6,11
343,3,7,7,52,15,8,2,13,8,8,13,8
344,3,8,8,59,15,7,4,10,9,13,11,12
345,3,9,9,68,12,5,4,14,8,13,15,14
346,3,10,10,67,15,3,4,10,17,16,13,7
347,3,11,11,73,12,6,4,19,15,12,10,13
348,3,12,12,66,12,8,3,11,13,16,11,12
349,3,13,13,75,16,3,4,10,18,15,9,19
350,3,14,14,73,15,4,2,11,20,10,14,16
351,3,15,15,82,19,4,2,18,20,17,9,16
352,3,16,16,86,10,3,2,18,11,18,14,23
353,3,17,17,82,19,3,2,14,11,17,13,25
354,3,18,18,82,13,6,4,21,14,13,17,13
355,3,19,19,74,15,10,0,20,14,20,10,10
356,3,20,20,72,15,4,4,22,18,10,8,10
357,3,21,21,64,14,3,4,11,13,16,9,11
358,3,22,22,67,16,7,4,9,13,13,15,13
359,3,23,23,59,12,7,3,14,7,10,10,15
360,3,24,24,59,19,7,4,10,13,11,12,9
361,3,1,25,54,16,8,3,12,6,10,11,12
362,3,2,26,52,14,7,2,11,6,10,10,13
363,3,3,27,53,14,4,2,10,10,14,5,12
364,3,4,28,45,14,4,4,12,10,9,2,8
365,3,5,29,53,17,6,4,5,12,10,12,10
366,3,6,30,49,18,7,4,12,10,6,9,8
367,3,7,31,56,11,3,3,7,8,15,14,9
368,3,8,32,55,14,7,1,8,13,16,7,10
369,3,9,33,60,19,5,2,13,5,14,12,14
370,3,10,34,63,14,3,3,10,11,12,13,14
371,3,11,35,73,21,8,4,16,11,18,7,17
372,3,12,36,75,15,5,1,14,20,22,9,9
373,3,13,37,76,14,0,3,20,13,17,9,14
374,3,14,38,74,14,4,2,9,14,19,12,18
375,3,15,39,79,11,5,4,12,16,12,22,13
376,3,16,40,74,17,7,1,13,12,13,16,19
377,3,17,41,76,14,6,4,18,19,11,14,10
378,3,18,42,77,12,1,3,16,15,16,11,16
379,3,19,43,79,18,10,4,15,17,16,12,15
380,3,20,44,74,15,7,3,16,15,20,11,9
381,3,21,45,71,18,7,4,16,12,12,16,11
382,3,22,46,67,16,4,4,13,7,15,13,15
383,3,23,47,58,14,2,2,8,11,12,14,11
384,3,24,48,60,14,6,0,12,11,12,16,9
385,3,1,49,56,12,8,3,6,14,14,9,10
386,3,2,50,54,13,8,4,8,7,16,8,11
387,3,3,51,49,16,3,2,10,8,6,9,14
388,3,4,52,45,12,7,4,5,6,9,8,13
389,3,5,53,47,12,5,3,7,11,9,8,9
390,3,6,54,50,14,3,2,8,8,11,10,11
391,3,7,55,51,15,4,3,6,14,10,12,6
392,3,8,56,56,15,8,2,12,8,16,7,11
393,3,9,57,63,12,7,3,11,15,10,10,14
394,3,10,58,69,10,7,4,16,10,11,17,11
395,3,11,59,66,15,9,2,9,17,17,12,9
396,3,12,60,76,16,7,4,17,15,15,13,12
397,3,13,61,76,15,5,2,17,12,15,12,18
398,3,14,62,76,18,6,4,17,14,13,12,16
399,3,15,63,80,15,7,4,11,16,17,15,17
400,3,16,64,79,14,4,0,18,19,10,19,13
401,3,17,65,76,14,6,2,13,13,13,18,17
402,3,18,66,76,12,3,1,15,15,10,18,17
403,3,19,67,81,16,7,1,11,16,18,18,17
404,3,20,68,66,17,5,3,12,11,12,14,14
405,3,21,69,66,14,4,3,16,7,12,7,21
406,3,22,70,63,19,5,0,18,19,11,8,7
407,3,23,71,62,20,7,2,11,13,11,12,13
408,3,24,72,61,11,5,4,14,10,13,11,9
409,3,1,73,49,16,6,4,5,14,10,8,8
410,3,2,74,52,15,2,2,12,15,7,9,7
411,3,3,75,50,9,6,4,9,7,10,10,10
412,3,4,76,51,17,7,3,11,9,7,12,9
413,3,5,77,49,17,3,2,7,13,6,8,13
414,3,6,78,56,14,7,1,16,8,8,12,11
415,3,7,79,51,17,4,3,5,10,17,7,9
416,3,8,80,55,16,2,2,13,10,9,13,8
417,3,9,81,60,16,6,4,13,9,9,14,11
418,3,10,82,68,18,9,2,19,9,12,8,18
419,3,11,83,69,20,7,0,18,10,16,11,14
420,3,12,84,66,18,6,2,11,14,19,12,8
421,3,13,85,80,14,4,4,16,14,12,14,20
422,3,14,86,80,15,8,2,19,16,14,16,13
423,3,15,87,79,17,6,3,14,9,20,19,14
424,3,16,88,80,21,6,4,17,17,14,13,15
425,3,17,89,81,20,5,3,19,13,15,14,17
426,3,18,90,83,14,7,3,17,16,16,13,18
427,3,19,91,77,14,6,4,14,20,8,16,15
428,3,20,92,83,9,6,4,15,17,22,16,9
429,3,21,93,64,12,8,2,12,14,12,13,11
430,3,22,94,61,17,3,4,10,8,13,16,10
431,3,23,95,64,12,1,4,8,14,14,13,11
432,3,24,96,52,17,5,2,9,11,14,7,9
433,3,1,97,50,15,4,2,11,13,8,9,7
434,3,2,98,53,15,6,3,7,11,10,11,11
435,3,3,99,56,21,5,4,13,10,10,6,13
436,3,4,100,50,24,5,3,9,9,10,11,8
437,3,5,101,59,18,6,4,9,10,15,7,14
438,3,6,102,49,16,5,4,9,10,6,9,11
439,3,7,103,52,20,5,4,12,8,6,13,9
440,3,8,104,53,10,1,3,5,13,13,10,9
441,3,9,105,63,14,6,3,10,9,16,15,10
442,3,10,106,66,22,3,4,18,12,9,12,11
443,3,11,107,69,15,3,3,16,12,20,7,11
444,3,12,108,68,22,5,3,7,20,11,19,8
445,3,13,109,79,12,7,4,16,19,17,11,12
446,3,14,110,82,21,2,2,17,21,10,16,16
447,3,15,111,78,14,6,4,20,10,17,13,14
448,3,16,112,80,14,6,3,18,14,18,8,19
449,3,17,113,83,13,0,4,23,9,15,19,13
450,3,18,114,77,15,6,2,18,13,20,17,7
451,3,19,115,78,15,5,3,9,15,20,18,13
452,3,20,116,74,11,3,4,17,15,11,15,12
453,3,21,117,64,18,9,4,13,15,15,7,10
454,3,22,118,65,16,4,2,7,15,10,13,18
455,3,23,119,61,13,6,1,11,12,18,7,12
456,3,24,120,61,16,6,3,12,11,11,10,14
457,3,1,121,55,15,7,2,9,12,12,14,6
458,3,2,122,52,16,4,4,8,8,7,11,14
459,3,3,123,53,13,7,3,11,6,9,11,13
460,3,4,124,47,15,4,3,10,12,5,10,7
461,3,5,125,44,18,6,2,3,11,12,7,9
462,3,6,126,47,13,9,3,5,7,8,9,15
463,3,7,127,57,15,10,2,7,7,12,15,14
464,3,8,128,61,12,6,2,17,13,12,8,9
465,3,9,129,56,15,4,4,11,9,12,11,9
466,3,10,130,62,13,6,3,12,14,9,16,8
467,3,11,131,71,15,6,2,12,21,11,13,12
468,3,12,132,76,14,5,1,16,13,15,13,18
469,3,13,133,76,16,6,2,13,11,19,17,14
470,3,14,134,80,13,6,3,11,16,13,21,16
471,3,15,135,74,18,4,3,15,16,13,14,13
472,3,16,136,79,11,5,4,22,15,15,11,12
473,3,17,137,83,10,3,4,16,21,14,14,14
474,3,18,138,80,19,1,3,18,13,12,17,17
475,3,19,139,78,19,5,2,14,14,13,19,16
476,3,20,140,70,17,0,3,11,12,17,14,13
477,3,21,141,71,18,5,1,13,13,9,18,17
478,3,22,142,68,12,9,2,15,12,14,11,14
479,3,23,143,57,12,5,3,8,6,15,13,12
480,3,24,144,55,15,3,4,11,13,7,10,10
481,3,1,145,51,19,0,4,10,10,9,11,7
482,3,2,146,48,13,8,4,8,8,7,15,6
483,3,3,147,50,7,7,2,16,6,9,6,11
484,3,4,148,51,14,4,3,11,4,10,13,10
485,3,5,149,54,14,6,2,13,8,11,12,8
486,3,6,150,46,17,7,1,12,11,8,10,4
487,3,7,151,54,13,4,2,11,15,7,12,7
488,3,8,152,56,12,5,4,15,13,10,6,8
489,3,9,153,60,15,4,0,13,12,9,13,13
490,3,10,154,64,19,9,1,12,10,14,16,11
491,3,11,155,66,18,7,1,18,17,6,15,9
492,3,12,156,69,16,6,2,10,17,9,16,15
493,3,13,157,74,15,5,4,13,15,20,11,11
494,3,14,158,78,16,6,4,19,16,18,9,12
495,3,15,159,79,18,3,1,11,21,12,14,20
496,3,16,160,78,17,4,2,11,14,14,13,24
497,3,17,161,82,14,4,4,20,17,8,17,16
498,3,18,162,83,18,3,3,16,22,15,18,9
499,3,19,163,71,15,2,3,12,16,13,14,13
500,3,20,164,73,16,5,2,12,9,13,21,16
501,3,21,165,69,22,5,4,15,16,10,11,13
502,3,22,166,63,10,8,4,9,12,7,15,16
503,3,23,167,61,14,0,2,10,13,14,8,14
504,3,24,168,52,13,4,4,14,9,4,9,12
505,4,1,1,54,12,1,4,7,13,15,7,8
506,4,2,2,51,13,5,4,11,7,13,7,9
507,4,3,3,47,19,5,1,9,9,10,7,11
508,4,4,4,49,14,4,2,10,11,11,5,10
509,4,5,5,49,13,3,4,10,6,8,12,9
510,4,6,6,53,17,7,2,9,13,10,7,12
511,4,7,7,58,15,4,3,16,14,5,7,13
512,4,8,8,59,10,1,3,11,12,10,18,5
513,4,9,9,66,8,5,3,20,12,9,10,12
514,4,10,10,63,17,7,4,10,15,9,11,14
515,4,11,11,65,15,4,4,15,12,11,9,14
516,4,12,12,75,18,4,4,16,12,17,11,15
517,4,13,13,72,16,6,2,15,20,16,10,9
518,4,14,14,78,11,1,3,11,18,14,15,17
519,4,15,15,82,13,6,3,15,14,17,15,18
520,4,16,16,81,18,5,2,21,18,15,15,10
521,4,17,17,77,16,5,1,13,11,18,17,17
522,4,18,18,79,23,3,4,20,10,17,15,13
523,4,19,19,77,16,5,4,12,14,11,12,24
524,4,20,20,72,13,8,1,11,14,10,13,23
525,4,21,21,64,16,5,3,12,11,10,15,13
526,4,22,22,63,14,5,4,19,8,14,6,12
527,4,23,23,66,13,7,4,15,7,15,17,8
528,4,24,24,55,22,2,1,14,10,10,14,6
529,4,1,25,55,11,3,3,9,10,7,14,12
530,4,2,26,55,18,5,4,20,2,13,10,6
531,4,3,27,48,16,7,2,11,7,5,10,13
532,4,4,28,48,15,3,1,4,8,9,14,12
533,4,5,29,48,18,7,1,8,8,10,7,14
534,4,6,30,58,17,4,4,12,12,9,9,12
535,4,7,31,52,20,7,3,8,17,7,10,7
536,4,8,32,56,8,6,2,6,10,13,17,8
537,4,9,33,65,17,7,3,16,13,12,13,8
538,4,10,34,60,18,7,2,7,15,13,16,7
539,4,11,35,65,10,6,4,18,13,12,12,6
540,4,12,36,69,20,4,4,12,19,6,18,10
541,4,13,37,80,14,3,4,20,16,17,12,11
542,4,14,38,84,16,6,2,14,15,16,15,22
543,4,15,39,76,12,2,1,18,19,14,14,10
544,4,16,40,76,18,3,3,14,20,16,11,12
545,4,17,41,78,10,4,3,16,21,9,15,14
546,4,18,42,79,14,2,4,20,14,12,18,11
547,4,19,43,69,17,4,3,11,6,17,11,21
548,4,20,44,75,18,4,4,18,14,9,11,19
549,4,21,45,69,16,6,2,13,10,21,10,13
550,4,22,46,66,14,6,2,15,11,20,8,10
551,4,23,47,63,17,5,4,10,8,16,17,8
552,4,24,48,56,17,3,4,7,13,10,12,10
553,4,1,49,49,10,8,1,10,14,10,8,6
554,4,2,50,51,15,4,4,12,8,5,12,10
555,4,3,51,51,17,2,0,8,7,10,12,14
556,4,4,52,51,12,5,3,12,8,10,6,12
557,4,5,53,52,13,8,3,5,12,12,7,13
558,4,6,54,54,15,2,4,11,13,9,11,6
559,4,7,55,53,20,2,1,8,14,12,13,5
560,4,8,56,61,16,7,3,7,7,14,13,17
561,4,9,57,58,11,7,4,12,13,10,11,8
562,4,10,58,67,21,6,4,14,13,10,12,14
563,4,11,59,73,12,3,3,15,12,14,12,17
564,4,12,60,76,15,4,3,12,20,14,12,15
565,4,13,61,77,17,9,3,10,20,14,18,12
566,4,14,62,76,14,2,4,13,15,12,14,18
567,4,15,63,82,10,2,3,19,12,18,17,13
568,4,16,64,80,18,6,3,15,16,11,18,17
569,4,17,65,72,20,2,3,15,13,14,10,17
570,4,18,66,77,16,4,2,12,14,13,21,15
571,4,19,67,77,17,5,3,13,17,14,16,14
572,4,20,68,77,11,5,4,12,9,14,18,20
573,4,21,69,75,17,5,0,16,15,14,11,19
574,4,22,70,72,22,1,4,13,22,4,13,16
575,4,23,71,58,17,3,3,8,8,14,15,10
576,4,24,72,55,21,1,3,11,16,7,7,11
577,4,1,73,54,10,8,1,5,16,12,13,7
578,4,2,74,51,17,6,3,8,9,13,13,5
579,4,3,75,46,15,6,2,5,14,8,11,6
580,4,4,76,46,13,3,2,10,11,7,7,9
581,4,5,77,51,19,4,1,9,13,8,14,6
582,4,6,78,50,18,3,2,6,12,7,13,10
583,4,7,79,52,15,0,4,8,8,12,6,14
584,4,8,80,54,18,5,4,5,14,11,10,10
585,4,9,81,58,18,7,4,10,9,10,11,14
586,4,10,82,65,14,2,4,11,15,8,12,15
587,4,11,83,63,12,4,2,13,13,10,13,12
588,4,12,84,72,10,5,4,13,12,15,14,14
589,4,13,85,77,17,6,4,17,11,15,17,13
590,4,14,86,80,9,4,4,12,15,13,15,21
591,4,15,87,82,15,2,3,16,12,14,15,22
592,4,16,88,80,13,5,3,21,13,13,12,18
593,4,17,89,79,17,6,4,17,13,12,14,19
594,4,18,90,79,15,6,4,23,12,16,10,14
595,4,19,91,74,17,2,4,9,12,17,14,18
596,4,20,92,73,14,4,4,14,9,14,20,12
597,4,21,93,71,8,4,4,10,9,13,19,16
598,4,22,94,67,14,8,3,12,9,18,13,12
599,4,23,95,60,20,6,3,8,17,9,16,7
600,4,24,96,54,12,5,3,15,8,7,14,7
601,4,1,97,53,17,7,1,18,4,8,17,5
602,4,2,98,51,18,5,1,6,13,13,10,8
603,4,3,99,47,19,6,3,6,9,13,5,11
604,4,4,100,47,18,5,2,8,13,7,7,10
605,4,5,101,52,24,4,2,9,11,9,9,12
606,4,6,102,51,13,6,1,5,13,14,9,9
607,4,7,103,53,13,4,2,12,10,5,10,14
608,4,8,104,59,16,6,4,6,8,12,13,16
609,4,9,105,60,12,3,1,8,14,7,19,11
610,4,10,106,61,15,7,2,9,13,10,11,16
611,4,11,107,74,15,5,4,8,13,21,16,12
612,4,12,108,71,12,2,2,12,15,14,15,13
613,4,13,109,74,17,7,4,14,11,21,11,13
614,4,14,110,76,17,2,1,11,18,17,12,17
615,4,15,111,80,14,6,4,15,15,15,14,17
616,4,16,112,83,12,4,4,21,15,15,20,8
617,4,17,113,81,11,6,4,14,13,15,20,15
618,4,18,114,78,15,4,4,12,15,15,15,17
619,4,19,115,77,14,6,4,13,14,14,17,15
620,4,20,116,72,9,3,2,21,16,12,8,13
621,4,21,117,61,21,4,2,12,15,9,10,13
622,4,22,118,59,11,4,4,10,10,13,13,9
623,4,23,119,59,23,2,2,14,17,8,9,9
624,4,24,120,61,10,4,1,9,13,13,12,13
625,4,1,121,53,15,7,1,13,5,9,14,11
626,4,2,122,52,15,5,2,4,12,6,14,14
627,4,3,123,50,16,11,4,8,9,10,10,9
628,4,4,124,47,15,6,3,6,14,9,9,6
629,4,5,125,46,15,4,2,11,7,9,12,5
630,4,6,126,59,11,7,1,12,10,10,9,17
631,4,7,127,54,17,2,2,9,10,12,14,7
632,4,8,128,56,20,5,4,6,8,10,14,14
633,4,9,129,62,15,4,2,11,11,13,15,10
634,4,10,130,61,13,8,3,12,8,18,10,10
635,4,11,131,65,18,8,2,13,16,15,11,8
636,4,12,132,72,14,3,4,12,16,13,16,11
637,4,13,133,75,18,6,4,10,9,19,16,17
638,4,14,134,74,14,4,1,17,14,13,16,13
639,4,15,135,77,16,5,4,16,20,12,8,17
640,4,16,136,83,13,7,4,15,12,11,20,21
641,4,17,137,76,19,5,4,9,18,12,19,14
642,4,18,138,75,17,4,4,15,14,15,15,12
643,4,19,139,71,18,3,4,11,13,13,15,15
644,4,20,140,72,14,4,4,19,11,16,13,9
645,4,21,141,69,16,5,2,18,10,13,13,13
646,4,22,142,65,14,9,1,9,8,17,13,17
647,4,23,143,59,13,5,3,16,10,7,10,13
648,4,24,144,59,17,6,2,12,15,13,11,6
649,4,1,145,51,15,3,4,9,8,12,10,8
650,4,2,146,53,14,6,3,14,11,9,8,8
651,4,3,147,55,15,9,4,16,12,9,5,9
652,4,4,148,47,19,7,3,11,12,7,6,8
653,4,5,149,50,19,4,2,8,13,10,10,7
654,4,6,150,49,14,6,1,10,12,11,11,4
655,4,7,151,55,14,2,4,12,6,11,10,12
656,4,8,152,56,15,7,1,7,11,13,9,15
657,4,9,153,52,20,7,3,8,11,13,6,11
658,4,10,154,67,12,8,4,13,7,15,17,11
659,4,11,155,66,16,6,4,15,8,14,17,8
660,4,12,156,74,14,6,4,13,15,14,16,12
661,4,13,157,77,23,5,4,20,9,15,18,11
662,4,14,158,76,14,4,4,13,12,11,16,20
663,4,15,159,81,17,8,3,15,19,13,16,15
664,4,16,160,80,15,1,4,14,16,17,16,13
665,4,17,161,79,12,1,2,7,20,18,14,18
666,4,18,162,76,13,0,2,18,10,15,16,15
667,4,19,163,72,16,3,2,17,8,13,13,19
668,4,20,164,67,16,7,4,15,16,7,13,12
669,4,21,165,68,16,4,4,14,11,13,16,10
670,4,22,166,66,15,6,2,10,9,17,9,19
671,4,23,167,56,15,4,4,10,11,12,13,6
672,4,24,168,56,13,5,3,16,16,9,4,8
673,5,1,1,51,15,3,1,8,9,10,5,18
674,5,2,2,48,17,5,4,5,19,5,5,10
675,5,3,3,46,13,3,1,8,10,8,12,7
676,5,4,4,46,16,5,2,10,11,7,11,5
677,5,5,5,51,15,6,2,14,15,8,8,4
678,5,6,6,46,15,6,3,7,4,13,12,7
679,5,7,7,52,21,5,4,10,12,6,8,12
680,5,8,8,59,11,6,4,9,12,8,10,16
681,5,9,9,58,17,3,1,16,10,9,12,10
682,5,10,10,66,15,8,2,9,13,13,9,20
683,5,11,11,71,11,8,4,17,13,11,13,13
684,5,12,12,71,14,5,4,21,9,10,18,9
685,5,13,13,76,14,6,1,11,15,16,12,21
686,5,14,14,71,15,4,3,13,10,13,17,15
687,5,15,15,81,15,6,4,15,13,11,18,20
688,5,16,16,83,19,5,3,16,11,19,24,10
689,5,17,17,80,15,6,4,12,11,15,23,15
690,5,18,18,78,18,5,4,11,16,18,14,15
691,5,19,19,80,17,4,2,15,12,22,17,12
692,5,20,20,77,16,5,4,19,15,10,15,14
693,5,21,21,73,17,4,2,8,18,9,19,17
694,5,22,22,70,17,6,4,14,14,13,14,11
695,5,23,23,57,14,3,3,10,10,9,11,14
696,5,24,24,59,13,4,4,9,12,17,7,10
697,5,1,25,55,10,6,3,13,12,9,11,7
698,5,2,26,49,15,5,2,10,5,12,10,10
699,5,3,27,51,14,5,0,13,5,11,7,15
700,5,4,28,48,18,7,2,12,6,8,15,5
701,5,5,29,44,14,7,3,6,11,3,10,11
702,5,6,30,48,11,3,2,9,9,11,8,9
703,5,7,31,53,19,1,2,8,8,14,15,6
704,5,8,32,55,16,5,1,14,11,11,10,8
705,5,9,33,58,15,5,1,14,14,12,6,11
706,5,10,34,65,18,4,3,13,15,12,11,11
707,5,11,35,69,16,8,4,18,8,16,14,9
708,5,12,36,69,18,5,1,13,12,9,14,20
709,5,13,37,78,19,8,3,15,17,15,18,10
710,5,14,38,75,15,5,3,15,10,20,12,15
711,5,15,39,78,17,6,3,18,18,9,12,18
712,5,16,40,81,18,5,4,21,9,18,15,14
713,5,17,41,73,15,9,4,13,19,16,12,9
714,5,18,42,84,10,6,2,12,21,16,14,19
715,5,19,43,73,13,7,4,15,12,8,21,13
716,5,20,44,67,17,5,2,15,13,15,9,13
717,5,21,45,72,12,4,2,16,15,12,13,14
718,5,22,46,63,14,5,2,12,15,8,9,17
719,5,23,47,60,12,3,1,13,7,13,10,16
720,5,24,48,55,11,4,1,14,10,11,7,12
721,5,1,49,48,14,5,3,10,6,7,10,12
722,5,2,50,55,12,3,4,9,10,11,11,10
723,5,3,51,53,13,6,3,8,8,11,9,14
724,5,4,52,46,15,5,1,10,10,9,7,9
725,5,5,53,43,14,3,2,5,5,8,13,10
726,5,6,54,54,14,5,4,8,7,11,13,11
727,5,7,55,53,15,2,3,11,9,8,17,5
728,5,8,56,57,10,6,3,14,9,12,8,11
729,5,9,57,64,15,6,4,15,14,14,7,10
730,5,10,58,63,18,5,4,10,9,14,10,16
731,5,11,59,63,16,7,3,12,16,14,8,10
732,5,12,60,72,14,7,4,11,15,10,16,16
733,5,13,61,78,13,5,4,18,11,13,21,11
734,5,14,62,73,13,5,1,18,12,11,13,18
735,5,15,63,74,16,4,3,14,10,17,16,14
736,5,16,64,81,15,5,4,19,14,16,11,17
737,5,17,65,73,12,5,3,18,12,17,12,11
738,5,18,66,82,17,5,4,15,13,19,16,15
739,5,19,67,77,15,4,4,11,17,13,14,18
740,5,20,68,67,18,7,3,8,16,16,13,11
741,5,21,69,68,12,5,4,9,15,11,9,20
742,5,22,70,70,15,2,3,15,16,13,10,13
743,5,23,71,64,8,1,0,10,12,9,17,16
744,5,24,72,55,10,6,1,7,8,16,12,11
745,5,1,73,54,15,5,2,13,8,8,17,6
746,5,2,74,48,16,5,1,10,9,8,13,7
747,5,3,75,49,18,6,4,11,5,9,9,11
748,5,4,76,48,14,6,3,9,6,7,11,12
749,5,5,77,42,12,3,0,10,9,5,10,8
750,5,6,78,53,19,3,3,9,12,8,13,8
751,5,7,79,50,18,7,3,6,7,11,12,11
752,5,8,80,54,19,7,2,14,8,8,11,11
753,5,9,81,63,14,6,3,11,11,16,13,9
754,5,10,82,66,15,4,4,13,10,17,13,9
755,5,11,83,69,20,5,3,9,12,18,9,18
756,5,12,84,71,10,5,1,16,11,15,17,11
757,5,13,85,75,15,6,1,10,13,17,15,19
758,5,14,86,78,10,8,4,19,9,13,13,20
759,5,15,87,81,15,6,4,11,15,12,14,25
760,5,16,88,84,11,6,4,14,21,11,21,13
761,5,17,89,76,17,4,4,13,22,12,13,12
762,5,18,90,78,9,5,3,16,7,14,13,25
763,5,19,91,81,15,5,3,15,21,18,10,14
764,5,20,92,73,19,5,4,12,12,18,14,13
765,5,21,93,69,14,5,3,9,14,17,11,15
766,5,22,94,65,19,9,4,14,11,12,11,13
767,5,23,95,60,19,4,2,16,16,7,9,10
768,5,24,96,60,12,4,2,14,10,13,12,9
769,5,1,97,53,15,5,1,7,12,15,8,10
770,5,2,98,51,14,6,2,9,8,8,14,10
771,5,3,99,49,15,5,4,10,3,14,9,9
772,5,4,100,52,20,5,0,9,8,18,11,6
773,5,5,101,51,15,7,2,12,8,9,14,6
774,5,6,102,52,14,7,3,8,11,10,7,13
775,5,7,103,51,19,4,4,8,11,12,6,10
776,5,8,104,60,19,3,4,7,15,10,12,12
777,5,9,105,57,17,9,3,8,11,14,12,9
778,5,10,106,62,18,3,4,15,14,5,10,14
779,5,11,107,72,20,6,4,22,11,8,10,17
780,5,12,108,73,15,8,4,17,16,6,15,15
781,5,13,109,76,15,7,4,11,16,9,21,15
782,5,14,110,81,21,6,3,15,17,19,15,12
783,5,15,111,80,19,4,3,14,17,11,17,18
784,5,16,112,80,16,3,2,9,14,17,20,18
785,5,17,113,78,14,8,1,19,16,11,13,18
786,5,18,114,78,12,6,0,13,19,15,13,18
787,5,19,115,76,14,9,3,17,16,15,18,7
788,5,20,116,75,14,5,4,15,13,13,16,14
789,5,21,117,69,16,6,4,11,9,15,17,13
790,5,22,118,67,12,5,3,12,15,12,12,13
791,5,23,119,58,12,7,4,6,7,14,17,10
792,5,24,120,56,16,4,4,12,14,12,10,4
793,5,1,121,56,13,2,4,12,7,12,11,10
794,5,2,122,55,10,4,4,10,6,14,7,14
795,5,3,123,48,13,5,2,12,5,7,11,11
796,5,4,124,47,10,7,3,11,4,6,10,13
797,5,5,125,48,20,6,4,9,12,7,9,7
798,5,6,126,52,16,2,1,7,8,11,12,13
799,5,7,127,53,12,4,3,9,11,11,14,5
800,5,8,128,52,16,6,2,7,10,9,9,15
801,5,9,129,60,13,4,4,10,7,11,17,11
802,5,10,130,62,13,5,4,8,7,14,13,16
803,5,11,131,68,15,3,3,11,13,13,15,13
804,5,12,132,73,14,4,0,14,15,10,16,18
805,5,13,133,77,15,9,4,8,17,16,16,16
806,5,14,134,84,17,4,4,12,9,18,24,17
807,5,15,135,77,14,6,2,20,11,14,9,21
808,5,16,136,81,10,5,1,13,19,17,17,14
809,5,17,137,77,21,3,4,12,15,15,16,15
810,5,18,138,79,13,6,4,13,20,17,12,13
811,5,19,139,70,17,6,3,8,18,12,14,15
812,5,20,140,76,16,2,4,14,12,9,17,20
813,5,21,141,68,16,6,3,7,18,16,14,10
814,5,22,142,61,14,4,2,13,11,11,9,15
815,5,23,143,59,21,9,2,13,8,10,16,10
816,5,24,144,52,17,5,3,8,10,10,12,9
817,5,1,145,52,16,6,2,13,9,12,7,9
818,5,2,146,50,16,4,1,16,5,8,8,12
819,5,3,147,48,15,5,2,10,15,10,5,6
820,5,4,148,48,12,6,3,8,7,15,6,9
821,5,5,149,49,8,6,2,9,10,8,11,9
822,5,6,150,50,15,4,0,7,11,11,13,8
823,5,7,151,48,18,5,2,9,14,9,9,5
824,5,8,152,57,14,2,2,12,7,10,15,11
825,5,9,153,58,10,5,1,14,15,8,11,9
826,5,10,154,54,17,3,3,10,10,11,14,6
827,5,11,155,70,18,7,4,14,13,20,11,8
828,5,12,156,72,11,5,4,17,10,15,9,17
829,5,13,157,77,15,5,1,22,9,22,7,16
830,5,14,158,82,16,6,4,13,18,16,15,16
831,5,15,159,85,10,6,4,14,19,13,15,20
832,5,16,160,80,10,4,2,20,16,13,13,16
833,5,17,161,76,18,5,4,13,14,12,12,21
834,5,18,162,77,14,6,4,14,15,18,14,12
835,5,19,163,79,15,7,4,11,20,16,16,12
836,5,20,164,71,20,4,3,14,12,12,16,14
837,5,21,165,67,13,5,3,10,11,11,17,15
838,5,22,166,68,14,6,2,15,12,10,17,12
839,5,23,167,58,14,4,4,11,12,8,14,9
840,5,24,168,61,21,7,3,13,14,12,8,11
841,6,1,1,56,13,6,3,11,8,12,8,14
842,6,2,2,53,14,6,3,13,9,8,14,6
843,6,3,3,46,20,8,2,8,14,2,9,11
844,6,4,4,51,9,1,3,9,9,7,15,8
845,6,5,5,46,12,4,1,11,8,9,6,11
846,6,6,6,48,13,8,2,10,10,11,6,9
847,6,7,7,50,13,7,3,9,10,11,12,5
848,6,8,8,56,18,3,2,13,7,20,9,5
849,6,9,9,60,17,4,2,11,13,14,9,11
850,6,10,10,66,11,5,3,16,12,13,6,16
851,6,11,11,70,17,7,2,9,14,15,14,16
852,6,12,12,76,12,6,3,9,16,11,17,20
853,6,13,13,80,13,3,4,24,9,9,20,14
854,6,14,14,80,13,4,2,15,18,9,18,18
855,6,15,15,85,9,6,4,12,10,22,17,20
856,6,16,16,76,14,4,4,11,21,14,13,13
857,6,17,17,81,18,4,3,18,12,16,14,18
858,6,18,18,74,17,7,4,10,12,18,14,16
859,6,19,19,71,16,8,1,19,17,9,11,14
860,6,20,20,71,15,5,4,6,8,11,26,16
861,6,21,21,67,11,5,2,10,17,11,15,12
862,6,22,22,62,11,3,2,13,8,15,12,12
863,6,23,23,61,15,5,2,15,10,10,11,13
864,6,24,24,62,17,5,1,15,7,9,15,15
865,6,1,25,55,20,5,3,17,10,10,9,6
866,6,2,26,49,9,3,3,10,9,5,8,14
867,6,3,27,49,15,4,3,8,9,9,10,10
868,6,4,28,49,13,3,1,5,8,12,13,10
869,6,5,29,50,14,9,3,12,11,8,10,6
870,6,6,30,54,15,8,3,14,9,10,7,11
871,6,7,31,49,13,7,2,7,6,15,9,10
872,6,8,32,58,13,6,0,10,12,10,10,16
873,6,9,33,61,16,6,3,17,14,9,8,10
874,6,10,34,67,14,8,0,15,16,12,15,9
875,6,11,35,73,18,1,4,10,11,13,20,15
876,6,12,36,72,18,4,3,12,11,16,9,21
877,6,13,37,80,15,3,4,14,18,13,16,15
878,6,14,38,80,11,6,4,14,16,13,22,11
879,6,15,39,83,10,8,3,9,14,14,18,25
880,6,16,40,77,9,9,4,9,21,15,17,11
881,6,17,41,80,15,8,3,17,16,16,13,15
882,6,18,42,80,17,1,2,14,12,17,14,21
883,6,19,43,73,13,3,3,12,17,10,11,20
884,6,20,44,76,16,6,3,9,15,13,13,23
885,6,21,45,71,9,5,3,10,12,20,17,9
886,6,22,46,64,15,3,4,15,19,13,6,7
887,6,23,47,61,15,9,3,13,9,15,13,8
888,6,24,48,60,13,6,3,12,12,17,6,10
889,6,1,49,44,15,6,0,8,6,10,11,9
890,6,2,50,51,18,6,1,10,12,5,14,9
891,6,3,51,52,18,3,2,6,13,11,11,9
892,6,4,52,49,12,5,4,10,8,12,6,9
893,6,5,53,51,20,3,2,9,11,16,7,6
894,6,6,54,49,13,8,4,11,12,6,7,9
895,6,7,55,52,13,2,2,6,7,13,11,13
896,6,8,56,57,16,4,4,14,6,11,11,11
897,6,9,57,61,13,7,4,9,8,11,15,14
898,6,10,58,64,13,5,1,10,9,15,14,15
899,6,11,59,68,14,8,1,18,6,17,15,11
900,6,12,60,70,11,3,2,14,12,12,14,16
901,6,13,61,67,16,4,2,17,9,16,8,15
902,6,14,62,73,15,7,4,18,9,14,14,14
903,6,15,63,84,17,3,4,14,21,18,9,18
904,6,16,64,72,20,8,2,11,11,14,15,19
905,6,17,65,86,17,7,4,19,14,17,18,14
906,6,18,66,79,8,6,3,11,16,14,15,20
907,6,19,67,77,18,5,4,11,16,21,13,12
908,6,20,68,76,19,2,2,12,15,13,17,17
909,6,21,69,68,16,9,3,9,19,9,12,16
910,6,22,70,67,16,3,4,12,14,13,13,11
911,6,23,71,63,19,6,2,12,11,14,9,15
912,6,24,72,54,20,7,2,12,10,8,12,10
913,6,1,73,56,12,6,1,11,8,12,13,11
914,6,2,74,49,11,5,2,11,8,11,7,10
915,6,3,75,46,9,4,0,5,12,12,9,8
916,6,4,76,52,17,5,1,10,12,9,9,11
917,6,5,77,51,15,4,4,7,9,11,10,10
918,6,6,78,57,14,7,3,11,14,11,6,12
919,6,7,79,52,16,5,4,9,7,10,15,7
920,6,8,80,54,15,7,4,14,10,7,13,6
921,6,9,81,63,16,3,4,7,18,7,16,11
922,6,10,82,62,16,4,4,10,15,9,14,10
923,6,11,83,63,16,8,1,16,8,16,14,8
924,6,12,84,74,8,9,2,12,14,19,19,8
925,6,13,85,77,19,4,1,11,18,20,14,13
926,6,14,86,81,11,4,3,17,15,16,19,11
927,6,15,87,76,15,5,1,16,19,17,13,10
928,6,16,88,84,13,4,2,18,14,24,8,18
929,6,17,89,77,13,8,4,12,15,19,14,13
930,6,18,90,76,13,4,3,10,10,15,20,18
931,6,19,91,76,14,5,4,14,8,19,20,11
932,6,20,92,74,15,7,1,9,11,13,23,17
933,6,21,93,68,13,6,0,17,20,9,10,12
934,6,22,94,70,18,7,2,11,16,13,15,13
935,6,23,95,66,16,4,3,10,9,14,12,18
936,6,24,96,58,12,4,4,10,11,16,13,4
937,6,1,97,49,19,8,4,14,10,6,8,7
938,6,2,98,44,18,4,4,8,9,12,4,7
939,6,3,99,51,20,5,2,12,6,10,14,7
940,6,4,100,46,15,5,2,11,11,11,5,6
941,6,5,101,53,14,7,2,11,5,10,9,16
942,6,6,102,54,19,6,2,6,15,14,8,9
943,6,7,103,55,22,7,1,13,8,6,15,12
944,6,8,104,58,17,3,3,9,9,12,16,9
945,6,9,105,65,10,4,4,13,20,11,10,7
946,6,10,106,67,17,5,4,11,11,10,11,20
947,6,11,107,68,15,7,2,13,15,11,14,13
948,6,12,108,73,14,4,1,15,11,10,18,18
949,6,13,109,74,18,7,2,26,9,12,15,10
950,6,14,110,80,17,4,4,24,20,5,15,12
951,6,15,111,74,18,6,2,11,16,18,14,13
952,6,16,112,82,16,3,4,10,12,23,14,19
953,6,17,113,78,15,4,4,20,19,13,10,12
954,6,18,114,73,18,3,0,15,19,11,13,15
955,6,19,115,77,17,4,2,16,11,16,18,14
956,6,20,116,70,10,6,2,6,15,18,21,8
957,6,21,117,72,19,2,4,12,18,8,15,15
958,6,22,118,66,18,5,3,12,18,10,11,12
959,6,23,119,56,15,5,4,11,12,10,11,8
960,6,24,120,58,14,4,3,8,14,15,8,10
961,6,1,121,56,21,6,4,9,8,13,8,14
962,6,2,122,53,16,4,2,9,7,12,13,10
963,6,3,123,53,15,7,4,8,12,10,4,15
964,6,4,124,50,16,7,1,15,9,9,8,8
965,6,5,125,51,14,8,3,9,10,10,11,8
966,6,6,126,51,16,10,0,11,12,10,9,9
967,6,7,127,51,16,4,1,14,14,10,5,7
968,6,8,128,58,17,7,4,12,9,13,12,8
969,6,9,129,62,8,4,1,13,7,14,11,16
970,6,10,130,66,16,1,2,15,13,7,18,11
971,6,11,131,67,10,6,2,10,17,7,18,13
972,6,12,132,73,13,5,2,15,13,16,12,15
973,6,13,133,72,13,5,1,16,14,14,12,15
974,6,14,134,80,16,5,2,11,19,13,15,20
975,6,15,135,82,16,4,3,21,21,8,14,15
976,6,16,136,83,17,5,4,20,11,18,16,14
977,6,17,137,81,18,8,1,16,12,17,18,17
978,6,18,138,77,14,8,1,25,11,14,15,11
979,6,19,139,78,19,5,3,12,16,17,14,16
980,6,20,140,67,11,5,4,14,15,13,8,13
981,6,21,141,66,20,5,2,14,19,7,13,11
982,6,22,142,64,18,5,1,11,8,11,14,19
983,6,23,143,60,16,6,2,7,16,12,16,7
984,6,24,144,58,12,7,4,9,12,13,9,11
985,6,1,145,49,17,6,2,11,10,13,7,6
986,6,2,146,55,15,6,4,10,9,14,11,7
987,6,3,147,55,12,6,1,18,8,5,9,14
988,6,4,148,47,13,7,2,13,7,9,7,9
989,6,5,149,49,14,2,2,6,16,6,10,9
990,6,6,150,47,18,7,3,11,9,6,13,5
991,6,7,151,54,12,4,4,8,9,8,13,12
992,6,8,152,59,11,1,4,15,6,10,15,9
993,6,9,153,61,14,6,4,13,15,8,12,9
994,6,10,154,68,17,5,4,10,20,10,14,10
995,6,11,155,69,12,6,2,13,10,20,9,15
996,6,12,156,70,16,1,4,19,8,15,13,11
997,6,13,157,72,13,1,3,12,20,14,10,13
998,6,14,158,76,22,5,4,12,11,14,21,14
999,6,15,159,77,13,5,3,12,20,15,15,12
1000,6,16,160,79,15,6,4,11,10,17,18,19
1001,6,17,161,75,10,9,3,16,8,21,16,11
1002,6,18,162,78,16,6,4,13,19,12,15,15
1003,6,19,163,77,18,3,3,16,21,11,13,13
1004,6,20,164,78,15,3,1,16,20,17,12,12
1005,6,21,165,64,12,4,2,11,15,11,11,14
1006,6,22,166,65,24,3,3,21,12,7,8,14
1007,6,23,167,62,15,7,2,11,15,12,12,10
1008,6,24,168,57,17,9,0,14,11,12,10,10
